--
-- PostgreSQL database dump
--

-- Dumped from database version 15.3 (Debian 15.3-1.pgdg120+1)
-- Dumped by pg_dump version 15.3 (Debian 15.3-1.pgdg120+1)

SET statement_timeout = 0;
SET lock_timeout = 0;
SET idle_in_transaction_session_timeout = 0;
SET client_encoding = 'UTF8';
SET standard_conforming_strings = on;
SELECT pg_catalog.set_config('search_path', '', false);
SET check_function_bodies = false;
SET xmloption = content;
SET client_min_messages = warning;
SET row_security = off;

SET default_tablespace = '';

SET default_table_access_method = heap;

--
-- Name: account_address; Type: TABLE; Schema: public; Owner: Pavshop
--

CREATE TABLE public.account_address (
    id bigint NOT NULL,
    created_at timestamp with time zone NOT NULL,
    update_at timestamp with time zone NOT NULL,
    company_name character varying(50) NOT NULL,
    address character varying(100) NOT NULL,
    city character varying(50) NOT NULL,
    country character varying(50) NOT NULL,
    deleted_at boolean NOT NULL,
    user_id bigint NOT NULL
);


ALTER TABLE public.account_address OWNER TO "Pavshop";

--
-- Name: account_address_id_seq; Type: SEQUENCE; Schema: public; Owner: Pavshop
--

ALTER TABLE public.account_address ALTER COLUMN id ADD GENERATED BY DEFAULT AS IDENTITY (
    SEQUENCE NAME public.account_address_id_seq
    START WITH 1
    INCREMENT BY 1
    NO MINVALUE
    NO MAXVALUE
    CACHE 1
);


--
-- Name: account_order; Type: TABLE; Schema: public; Owner: Pavshop
--

CREATE TABLE public.account_order (
    id bigint NOT NULL,
    created_at timestamp with time zone NOT NULL,
    update_at timestamp with time zone NOT NULL,
    status_id bigint NOT NULL,
    user_id bigint NOT NULL,
    address_id bigint NOT NULL
);


ALTER TABLE public.account_order OWNER TO "Pavshop";

--
-- Name: account_order_id_seq; Type: SEQUENCE; Schema: public; Owner: Pavshop
--

ALTER TABLE public.account_order ALTER COLUMN id ADD GENERATED BY DEFAULT AS IDENTITY (
    SEQUENCE NAME public.account_order_id_seq
    START WITH 1
    INCREMENT BY 1
    NO MINVALUE
    NO MAXVALUE
    CACHE 1
);


--
-- Name: account_producttobasket; Type: TABLE; Schema: public; Owner: Pavshop
--

CREATE TABLE public.account_producttobasket (
    id bigint NOT NULL,
    created_at timestamp with time zone NOT NULL,
    update_at timestamp with time zone NOT NULL,
    count numeric(10,3) NOT NULL,
    discount_id_id bigint,
    order_id bigint NOT NULL,
    user_id bigint NOT NULL,
    variant_id bigint NOT NULL
);


ALTER TABLE public.account_producttobasket OWNER TO "Pavshop";

--
-- Name: account_producttobasket_id_seq; Type: SEQUENCE; Schema: public; Owner: Pavshop
--

ALTER TABLE public.account_producttobasket ALTER COLUMN id ADD GENERATED BY DEFAULT AS IDENTITY (
    SEQUENCE NAME public.account_producttobasket_id_seq
    START WITH 1
    INCREMENT BY 1
    NO MINVALUE
    NO MAXVALUE
    CACHE 1
);


--
-- Name: account_status; Type: TABLE; Schema: public; Owner: Pavshop
--

CREATE TABLE public.account_status (
    id bigint NOT NULL,
    created_at timestamp with time zone NOT NULL,
    update_at timestamp with time zone NOT NULL,
    title character varying(50) NOT NULL,
    user_id bigint NOT NULL
);


ALTER TABLE public.account_status OWNER TO "Pavshop";

--
-- Name: account_status_id_seq; Type: SEQUENCE; Schema: public; Owner: Pavshop
--

ALTER TABLE public.account_status ALTER COLUMN id ADD GENERATED BY DEFAULT AS IDENTITY (
    SEQUENCE NAME public.account_status_id_seq
    START WITH 1
    INCREMENT BY 1
    NO MINVALUE
    NO MAXVALUE
    CACHE 1
);


--
-- Name: account_user; Type: TABLE; Schema: public; Owner: Pavshop
--

CREATE TABLE public.account_user (
    id bigint NOT NULL,
    password character varying(128) NOT NULL,
    last_login timestamp with time zone,
    is_superuser boolean NOT NULL,
    username character varying(150) NOT NULL,
    first_name character varying(150) NOT NULL,
    last_name character varying(150) NOT NULL,
    is_staff boolean NOT NULL,
    is_active boolean NOT NULL,
    date_joined timestamp with time zone NOT NULL,
    email character varying(254) NOT NULL,
    phone character varying(20) NOT NULL,
    avatar character varying(100) NOT NULL,
    saller boolean NOT NULL,
    bloger boolean NOT NULL,
    deleted_at boolean NOT NULL
);


ALTER TABLE public.account_user OWNER TO "Pavshop";

--
-- Name: account_user_groups; Type: TABLE; Schema: public; Owner: Pavshop
--

CREATE TABLE public.account_user_groups (
    id bigint NOT NULL,
    user_id bigint NOT NULL,
    group_id integer NOT NULL
);


ALTER TABLE public.account_user_groups OWNER TO "Pavshop";

--
-- Name: account_user_groups_id_seq; Type: SEQUENCE; Schema: public; Owner: Pavshop
--

ALTER TABLE public.account_user_groups ALTER COLUMN id ADD GENERATED BY DEFAULT AS IDENTITY (
    SEQUENCE NAME public.account_user_groups_id_seq
    START WITH 1
    INCREMENT BY 1
    NO MINVALUE
    NO MAXVALUE
    CACHE 1
);


--
-- Name: account_user_id_seq; Type: SEQUENCE; Schema: public; Owner: Pavshop
--

ALTER TABLE public.account_user ALTER COLUMN id ADD GENERATED BY DEFAULT AS IDENTITY (
    SEQUENCE NAME public.account_user_id_seq
    START WITH 1
    INCREMENT BY 1
    NO MINVALUE
    NO MAXVALUE
    CACHE 1
);


--
-- Name: account_user_user_permissions; Type: TABLE; Schema: public; Owner: Pavshop
--

CREATE TABLE public.account_user_user_permissions (
    id bigint NOT NULL,
    user_id bigint NOT NULL,
    permission_id integer NOT NULL
);


ALTER TABLE public.account_user_user_permissions OWNER TO "Pavshop";

--
-- Name: account_user_user_permissions_id_seq; Type: SEQUENCE; Schema: public; Owner: Pavshop
--

ALTER TABLE public.account_user_user_permissions ALTER COLUMN id ADD GENERATED BY DEFAULT AS IDENTITY (
    SEQUENCE NAME public.account_user_user_permissions_id_seq
    START WITH 1
    INCREMENT BY 1
    NO MINVALUE
    NO MAXVALUE
    CACHE 1
);


--
-- Name: account_wishlist; Type: TABLE; Schema: public; Owner: Pavshop
--

CREATE TABLE public.account_wishlist (
    id bigint NOT NULL,
    created_at timestamp with time zone NOT NULL,
    update_at timestamp with time zone NOT NULL,
    deleted_at boolean NOT NULL,
    user_id bigint NOT NULL,
    variant_id bigint NOT NULL
);


ALTER TABLE public.account_wishlist OWNER TO "Pavshop";

--
-- Name: account_wishlist_id_seq; Type: SEQUENCE; Schema: public; Owner: Pavshop
--

ALTER TABLE public.account_wishlist ALTER COLUMN id ADD GENERATED BY DEFAULT AS IDENTITY (
    SEQUENCE NAME public.account_wishlist_id_seq
    START WITH 1
    INCREMENT BY 1
    NO MINVALUE
    NO MAXVALUE
    CACHE 1
);


--
-- Name: auth_group; Type: TABLE; Schema: public; Owner: Pavshop
--

CREATE TABLE public.auth_group (
    id integer NOT NULL,
    name character varying(150) NOT NULL
);


ALTER TABLE public.auth_group OWNER TO "Pavshop";

--
-- Name: auth_group_id_seq; Type: SEQUENCE; Schema: public; Owner: Pavshop
--

ALTER TABLE public.auth_group ALTER COLUMN id ADD GENERATED BY DEFAULT AS IDENTITY (
    SEQUENCE NAME public.auth_group_id_seq
    START WITH 1
    INCREMENT BY 1
    NO MINVALUE
    NO MAXVALUE
    CACHE 1
);


--
-- Name: auth_group_permissions; Type: TABLE; Schema: public; Owner: Pavshop
--

CREATE TABLE public.auth_group_permissions (
    id bigint NOT NULL,
    group_id integer NOT NULL,
    permission_id integer NOT NULL
);


ALTER TABLE public.auth_group_permissions OWNER TO "Pavshop";

--
-- Name: auth_group_permissions_id_seq; Type: SEQUENCE; Schema: public; Owner: Pavshop
--

ALTER TABLE public.auth_group_permissions ALTER COLUMN id ADD GENERATED BY DEFAULT AS IDENTITY (
    SEQUENCE NAME public.auth_group_permissions_id_seq
    START WITH 1
    INCREMENT BY 1
    NO MINVALUE
    NO MAXVALUE
    CACHE 1
);


--
-- Name: auth_permission; Type: TABLE; Schema: public; Owner: Pavshop
--

CREATE TABLE public.auth_permission (
    id integer NOT NULL,
    name character varying(255) NOT NULL,
    content_type_id integer NOT NULL,
    codename character varying(100) NOT NULL
);


ALTER TABLE public.auth_permission OWNER TO "Pavshop";

--
-- Name: auth_permission_id_seq; Type: SEQUENCE; Schema: public; Owner: Pavshop
--

ALTER TABLE public.auth_permission ALTER COLUMN id ADD GENERATED BY DEFAULT AS IDENTITY (
    SEQUENCE NAME public.auth_permission_id_seq
    START WITH 1
    INCREMENT BY 1
    NO MINVALUE
    NO MAXVALUE
    CACHE 1
);


--
-- Name: blog_post; Type: TABLE; Schema: public; Owner: Pavshop
--

CREATE TABLE public.blog_post (
    id bigint NOT NULL,
    created_at timestamp with time zone NOT NULL,
    update_at timestamp with time zone NOT NULL,
    title character varying(100) NOT NULL,
    slug character varying(100) NOT NULL,
    text text NOT NULL,
    "Preview" character varying(100) NOT NULL,
    published_at boolean NOT NULL,
    deleted_at boolean NOT NULL,
    author_id bigint NOT NULL
);


ALTER TABLE public.blog_post OWNER TO "Pavshop";

--
-- Name: blog_post_category; Type: TABLE; Schema: public; Owner: Pavshop
--

CREATE TABLE public.blog_post_category (
    id bigint NOT NULL,
    post_id bigint NOT NULL,
    category_id bigint NOT NULL
);


ALTER TABLE public.blog_post_category OWNER TO "Pavshop";

--
-- Name: blog_post_category_id_seq; Type: SEQUENCE; Schema: public; Owner: Pavshop
--

ALTER TABLE public.blog_post_category ALTER COLUMN id ADD GENERATED BY DEFAULT AS IDENTITY (
    SEQUENCE NAME public.blog_post_category_id_seq
    START WITH 1
    INCREMENT BY 1
    NO MINVALUE
    NO MAXVALUE
    CACHE 1
);


--
-- Name: blog_post_id_seq; Type: SEQUENCE; Schema: public; Owner: Pavshop
--

ALTER TABLE public.blog_post ALTER COLUMN id ADD GENERATED BY DEFAULT AS IDENTITY (
    SEQUENCE NAME public.blog_post_id_seq
    START WITH 1
    INCREMENT BY 1
    NO MINVALUE
    NO MAXVALUE
    CACHE 1
);


--
-- Name: blog_post_image; Type: TABLE; Schema: public; Owner: Pavshop
--

CREATE TABLE public.blog_post_image (
    id bigint NOT NULL,
    post_id bigint NOT NULL,
    image_id bigint NOT NULL
);


ALTER TABLE public.blog_post_image OWNER TO "Pavshop";

--
-- Name: blog_post_image_id_seq; Type: SEQUENCE; Schema: public; Owner: Pavshop
--

ALTER TABLE public.blog_post_image ALTER COLUMN id ADD GENERATED BY DEFAULT AS IDENTITY (
    SEQUENCE NAME public.blog_post_image_id_seq
    START WITH 1
    INCREMENT BY 1
    NO MINVALUE
    NO MAXVALUE
    CACHE 1
);


--
-- Name: blog_post_product; Type: TABLE; Schema: public; Owner: Pavshop
--

CREATE TABLE public.blog_post_product (
    id bigint NOT NULL,
    post_id bigint NOT NULL,
    product_id bigint NOT NULL
);


ALTER TABLE public.blog_post_product OWNER TO "Pavshop";

--
-- Name: blog_post_product_id_seq; Type: SEQUENCE; Schema: public; Owner: Pavshop
--

ALTER TABLE public.blog_post_product ALTER COLUMN id ADD GENERATED BY DEFAULT AS IDENTITY (
    SEQUENCE NAME public.blog_post_product_id_seq
    START WITH 1
    INCREMENT BY 1
    NO MINVALUE
    NO MAXVALUE
    CACHE 1
);


--
-- Name: blog_post_tag; Type: TABLE; Schema: public; Owner: Pavshop
--

CREATE TABLE public.blog_post_tag (
    id bigint NOT NULL,
    post_id bigint NOT NULL,
    tag_id bigint NOT NULL
);


ALTER TABLE public.blog_post_tag OWNER TO "Pavshop";

--
-- Name: blog_post_tag_id_seq; Type: SEQUENCE; Schema: public; Owner: Pavshop
--

ALTER TABLE public.blog_post_tag ALTER COLUMN id ADD GENERATED BY DEFAULT AS IDENTITY (
    SEQUENCE NAME public.blog_post_tag_id_seq
    START WITH 1
    INCREMENT BY 1
    NO MINVALUE
    NO MAXVALUE
    CACHE 1
);


--
-- Name: blog_postreview; Type: TABLE; Schema: public; Owner: Pavshop
--

CREATE TABLE public.blog_postreview (
    id bigint NOT NULL,
    created_at timestamp with time zone NOT NULL,
    update_at timestamp with time zone NOT NULL,
    text text NOT NULL,
    deleted_at boolean NOT NULL,
    post_id bigint NOT NULL,
    review_id bigint,
    user_id bigint NOT NULL
);


ALTER TABLE public.blog_postreview OWNER TO "Pavshop";

--
-- Name: blog_postreview_id_seq; Type: SEQUENCE; Schema: public; Owner: Pavshop
--

ALTER TABLE public.blog_postreview ALTER COLUMN id ADD GENERATED BY DEFAULT AS IDENTITY (
    SEQUENCE NAME public.blog_postreview_id_seq
    START WITH 1
    INCREMENT BY 1
    NO MINVALUE
    NO MAXVALUE
    CACHE 1
);


--
-- Name: core_contact; Type: TABLE; Schema: public; Owner: Pavshop
--

CREATE TABLE public.core_contact (
    id bigint NOT NULL,
    created_at timestamp with time zone NOT NULL,
    update_at timestamp with time zone NOT NULL,
    name character varying(30) NOT NULL,
    email character varying(50) NOT NULL,
    phone character varying(12) NOT NULL,
    subject character varying(50) NOT NULL,
    message text NOT NULL,
    status boolean NOT NULL,
    user_id bigint
);


ALTER TABLE public.core_contact OWNER TO "Pavshop";

--
-- Name: core_contact_id_seq; Type: SEQUENCE; Schema: public; Owner: Pavshop
--

ALTER TABLE public.core_contact ALTER COLUMN id ADD GENERATED BY DEFAULT AS IDENTITY (
    SEQUENCE NAME public.core_contact_id_seq
    START WITH 1
    INCREMENT BY 1
    NO MINVALUE
    NO MAXVALUE
    CACHE 1
);


--
-- Name: core_homeslider; Type: TABLE; Schema: public; Owner: Pavshop
--

CREATE TABLE public.core_homeslider (
    id bigint NOT NULL,
    created_at timestamp with time zone NOT NULL,
    update_at timestamp with time zone NOT NULL,
    title character varying(100) NOT NULL,
    slide character varying(100) NOT NULL,
    first_line character varying(50) NOT NULL,
    second_line character varying(50) NOT NULL,
    published_at boolean NOT NULL,
    deleted_at boolean NOT NULL,
    user_id bigint NOT NULL,
    variant_id bigint NOT NULL
);


ALTER TABLE public.core_homeslider OWNER TO "Pavshop";

--
-- Name: core_homeslider_id_seq; Type: SEQUENCE; Schema: public; Owner: Pavshop
--

ALTER TABLE public.core_homeslider ALTER COLUMN id ADD GENERATED BY DEFAULT AS IDENTITY (
    SEQUENCE NAME public.core_homeslider_id_seq
    START WITH 1
    INCREMENT BY 1
    NO MINVALUE
    NO MAXVALUE
    CACHE 1
);


--
-- Name: core_subscriber; Type: TABLE; Schema: public; Owner: Pavshop
--

CREATE TABLE public.core_subscriber (
    id bigint NOT NULL,
    created_at timestamp with time zone NOT NULL,
    update_at timestamp with time zone NOT NULL,
    email character varying(50) NOT NULL
);


ALTER TABLE public.core_subscriber OWNER TO "Pavshop";

--
-- Name: core_subscriber_id_seq; Type: SEQUENCE; Schema: public; Owner: Pavshop
--

ALTER TABLE public.core_subscriber ALTER COLUMN id ADD GENERATED BY DEFAULT AS IDENTITY (
    SEQUENCE NAME public.core_subscriber_id_seq
    START WITH 1
    INCREMENT BY 1
    NO MINVALUE
    NO MAXVALUE
    CACHE 1
);


--
-- Name: django_admin_log; Type: TABLE; Schema: public; Owner: Pavshop
--

CREATE TABLE public.django_admin_log (
    id integer NOT NULL,
    action_time timestamp with time zone NOT NULL,
    object_id text,
    object_repr character varying(200) NOT NULL,
    action_flag smallint NOT NULL,
    change_message text NOT NULL,
    content_type_id integer,
    user_id bigint NOT NULL,
    CONSTRAINT django_admin_log_action_flag_check CHECK ((action_flag >= 0))
);


ALTER TABLE public.django_admin_log OWNER TO "Pavshop";

--
-- Name: django_admin_log_id_seq; Type: SEQUENCE; Schema: public; Owner: Pavshop
--

ALTER TABLE public.django_admin_log ALTER COLUMN id ADD GENERATED BY DEFAULT AS IDENTITY (
    SEQUENCE NAME public.django_admin_log_id_seq
    START WITH 1
    INCREMENT BY 1
    NO MINVALUE
    NO MAXVALUE
    CACHE 1
);


--
-- Name: django_content_type; Type: TABLE; Schema: public; Owner: Pavshop
--

CREATE TABLE public.django_content_type (
    id integer NOT NULL,
    app_label character varying(100) NOT NULL,
    model character varying(100) NOT NULL
);


ALTER TABLE public.django_content_type OWNER TO "Pavshop";

--
-- Name: django_content_type_id_seq; Type: SEQUENCE; Schema: public; Owner: Pavshop
--

ALTER TABLE public.django_content_type ALTER COLUMN id ADD GENERATED BY DEFAULT AS IDENTITY (
    SEQUENCE NAME public.django_content_type_id_seq
    START WITH 1
    INCREMENT BY 1
    NO MINVALUE
    NO MAXVALUE
    CACHE 1
);


--
-- Name: django_migrations; Type: TABLE; Schema: public; Owner: Pavshop
--

CREATE TABLE public.django_migrations (
    id bigint NOT NULL,
    app character varying(255) NOT NULL,
    name character varying(255) NOT NULL,
    applied timestamp with time zone NOT NULL
);


ALTER TABLE public.django_migrations OWNER TO "Pavshop";

--
-- Name: django_migrations_id_seq; Type: SEQUENCE; Schema: public; Owner: Pavshop
--

ALTER TABLE public.django_migrations ALTER COLUMN id ADD GENERATED BY DEFAULT AS IDENTITY (
    SEQUENCE NAME public.django_migrations_id_seq
    START WITH 1
    INCREMENT BY 1
    NO MINVALUE
    NO MAXVALUE
    CACHE 1
);


--
-- Name: django_session; Type: TABLE; Schema: public; Owner: Pavshop
--

CREATE TABLE public.django_session (
    session_key character varying(40) NOT NULL,
    session_data text NOT NULL,
    expire_date timestamp with time zone NOT NULL
);


ALTER TABLE public.django_session OWNER TO "Pavshop";

--
-- Name: product_brand; Type: TABLE; Schema: public; Owner: Pavshop
--

CREATE TABLE public.product_brand (
    id bigint NOT NULL,
    created_at timestamp with time zone NOT NULL,
    update_at timestamp with time zone NOT NULL,
    title character varying(50) NOT NULL,
    slug character varying(100) NOT NULL,
    user_id bigint NOT NULL,
    deleted_at boolean NOT NULL
);


ALTER TABLE public.product_brand OWNER TO "Pavshop";

--
-- Name: product_brand_id_seq; Type: SEQUENCE; Schema: public; Owner: Pavshop
--

ALTER TABLE public.product_brand ALTER COLUMN id ADD GENERATED BY DEFAULT AS IDENTITY (
    SEQUENCE NAME public.product_brand_id_seq
    START WITH 1
    INCREMENT BY 1
    NO MINVALUE
    NO MAXVALUE
    CACHE 1
);


--
-- Name: product_category; Type: TABLE; Schema: public; Owner: Pavshop
--

CREATE TABLE public.product_category (
    id bigint NOT NULL,
    created_at timestamp with time zone NOT NULL,
    update_at timestamp with time zone NOT NULL,
    title character varying(50) NOT NULL,
    parent_id bigint,
    slug character varying(100) NOT NULL,
    user_id bigint NOT NULL
);


ALTER TABLE public.product_category OWNER TO "Pavshop";

--
-- Name: product_category_id_seq; Type: SEQUENCE; Schema: public; Owner: Pavshop
--

ALTER TABLE public.product_category ALTER COLUMN id ADD GENERATED BY DEFAULT AS IDENTITY (
    SEQUENCE NAME public.product_category_id_seq
    START WITH 1
    INCREMENT BY 1
    NO MINVALUE
    NO MAXVALUE
    CACHE 1
);


--
-- Name: product_collection; Type: TABLE; Schema: public; Owner: Pavshop
--

CREATE TABLE public.product_collection (
    id bigint NOT NULL,
    created_at timestamp with time zone NOT NULL,
    update_at timestamp with time zone NOT NULL,
    title character varying(100) NOT NULL,
    slug character varying(100) NOT NULL,
    brand_id_id bigint NOT NULL,
    user_id bigint NOT NULL,
    deleted_at boolean NOT NULL,
    published_at boolean NOT NULL
);


ALTER TABLE public.product_collection OWNER TO "Pavshop";

--
-- Name: product_collection_id_seq; Type: SEQUENCE; Schema: public; Owner: Pavshop
--

ALTER TABLE public.product_collection ALTER COLUMN id ADD GENERATED BY DEFAULT AS IDENTITY (
    SEQUENCE NAME public.product_collection_id_seq
    START WITH 1
    INCREMENT BY 1
    NO MINVALUE
    NO MAXVALUE
    CACHE 1
);


--
-- Name: product_color; Type: TABLE; Schema: public; Owner: Pavshop
--

CREATE TABLE public.product_color (
    id bigint NOT NULL,
    created_at timestamp with time zone NOT NULL,
    update_at timestamp with time zone NOT NULL,
    title character varying(50) NOT NULL,
    slug character varying(100) NOT NULL,
    user_id bigint NOT NULL
);


ALTER TABLE public.product_color OWNER TO "Pavshop";

--
-- Name: product_color_id_seq; Type: SEQUENCE; Schema: public; Owner: Pavshop
--

ALTER TABLE public.product_color ALTER COLUMN id ADD GENERATED BY DEFAULT AS IDENTITY (
    SEQUENCE NAME public.product_color_id_seq
    START WITH 1
    INCREMENT BY 1
    NO MINVALUE
    NO MAXVALUE
    CACHE 1
);


--
-- Name: product_designer; Type: TABLE; Schema: public; Owner: Pavshop
--

CREATE TABLE public.product_designer (
    id bigint NOT NULL,
    created_at timestamp with time zone NOT NULL,
    update_at timestamp with time zone NOT NULL,
    name character varying(100) NOT NULL,
    slug character varying(100) NOT NULL,
    user_id bigint NOT NULL
);


ALTER TABLE public.product_designer OWNER TO "Pavshop";

--
-- Name: product_designer_id_seq; Type: SEQUENCE; Schema: public; Owner: Pavshop
--

ALTER TABLE public.product_designer ALTER COLUMN id ADD GENERATED BY DEFAULT AS IDENTITY (
    SEQUENCE NAME public.product_designer_id_seq
    START WITH 1
    INCREMENT BY 1
    NO MINVALUE
    NO MAXVALUE
    CACHE 1
);


--
-- Name: product_discount; Type: TABLE; Schema: public; Owner: Pavshop
--

CREATE TABLE public.product_discount (
    id bigint NOT NULL,
    created_at timestamp with time zone NOT NULL,
    update_at timestamp with time zone NOT NULL,
    title character varying(100) NOT NULL,
    code character varying(50) NOT NULL,
    amount integer NOT NULL,
    decrease_by numeric(10,2) NOT NULL,
    discount_persent numeric(8,2) NOT NULL,
    date_begin date NOT NULL,
    date_end date NOT NULL,
    deleted_at boolean NOT NULL,
    other_product_id bigint,
    type_id_id bigint NOT NULL,
    user_id bigint NOT NULL,
    price_sum numeric(10,2),
    CONSTRAINT persent CHECK ((discount_persent <= (100)::numeric))
);


ALTER TABLE public.product_discount OWNER TO "Pavshop";

--
-- Name: product_discount_id_seq; Type: SEQUENCE; Schema: public; Owner: Pavshop
--

ALTER TABLE public.product_discount ALTER COLUMN id ADD GENERATED BY DEFAULT AS IDENTITY (
    SEQUENCE NAME public.product_discount_id_seq
    START WITH 1
    INCREMENT BY 1
    NO MINVALUE
    NO MAXVALUE
    CACHE 1
);


--
-- Name: product_discounttype; Type: TABLE; Schema: public; Owner: Pavshop
--

CREATE TABLE public.product_discounttype (
    id bigint NOT NULL,
    created_at timestamp with time zone NOT NULL,
    update_at timestamp with time zone NOT NULL,
    title character varying(50) NOT NULL,
    user_id bigint NOT NULL
);


ALTER TABLE public.product_discounttype OWNER TO "Pavshop";

--
-- Name: product_discounttype_id_seq; Type: SEQUENCE; Schema: public; Owner: Pavshop
--

ALTER TABLE public.product_discounttype ALTER COLUMN id ADD GENERATED BY DEFAULT AS IDENTITY (
    SEQUENCE NAME public.product_discounttype_id_seq
    START WITH 1
    INCREMENT BY 1
    NO MINVALUE
    NO MAXVALUE
    CACHE 1
);


--
-- Name: product_image; Type: TABLE; Schema: public; Owner: Pavshop
--

CREATE TABLE public.product_image (
    id bigint NOT NULL,
    created_at timestamp with time zone NOT NULL,
    update_at timestamp with time zone NOT NULL,
    image character varying(100) NOT NULL,
    user_id bigint NOT NULL,
    variant_id bigint NOT NULL,
    is_main boolean NOT NULL
);


ALTER TABLE public.product_image OWNER TO "Pavshop";

--
-- Name: product_image_id_seq; Type: SEQUENCE; Schema: public; Owner: Pavshop
--

ALTER TABLE public.product_image ALTER COLUMN id ADD GENERATED BY DEFAULT AS IDENTITY (
    SEQUENCE NAME public.product_image_id_seq
    START WITH 1
    INCREMENT BY 1
    NO MINVALUE
    NO MAXVALUE
    CACHE 1
);


--
-- Name: product_product; Type: TABLE; Schema: public; Owner: Pavshop
--

CREATE TABLE public.product_product (
    id bigint NOT NULL,
    created_at timestamp with time zone NOT NULL,
    update_at timestamp with time zone NOT NULL,
    title character varying(50) NOT NULL,
    slug character varying(100) NOT NULL,
    price numeric(10,2) NOT NULL,
    description text NOT NULL,
    archive boolean NOT NULL,
    publised_at boolean NOT NULL,
    deleted_at boolean NOT NULL,
    brand_id_id bigint,
    collection_id_id bigint,
    style_id_id bigint,
    user_id bigint NOT NULL,
    designer_id bigint
);


ALTER TABLE public.product_product OWNER TO "Pavshop";

--
-- Name: product_product_category_id; Type: TABLE; Schema: public; Owner: Pavshop
--

CREATE TABLE public.product_product_category_id (
    id bigint NOT NULL,
    product_id bigint NOT NULL,
    category_id bigint NOT NULL
);


ALTER TABLE public.product_product_category_id OWNER TO "Pavshop";

--
-- Name: product_product_category_id_id_seq; Type: SEQUENCE; Schema: public; Owner: Pavshop
--

ALTER TABLE public.product_product_category_id ALTER COLUMN id ADD GENERATED BY DEFAULT AS IDENTITY (
    SEQUENCE NAME public.product_product_category_id_id_seq
    START WITH 1
    INCREMENT BY 1
    NO MINVALUE
    NO MAXVALUE
    CACHE 1
);


--
-- Name: product_product_id_seq; Type: SEQUENCE; Schema: public; Owner: Pavshop
--

ALTER TABLE public.product_product ALTER COLUMN id ADD GENERATED BY DEFAULT AS IDENTITY (
    SEQUENCE NAME public.product_product_id_seq
    START WITH 1
    INCREMENT BY 1
    NO MINVALUE
    NO MAXVALUE
    CACHE 1
);


--
-- Name: product_product_parent; Type: TABLE; Schema: public; Owner: Pavshop
--

CREATE TABLE public.product_product_parent (
    id bigint NOT NULL,
    from_product_id bigint NOT NULL,
    to_product_id bigint NOT NULL
);


ALTER TABLE public.product_product_parent OWNER TO "Pavshop";

--
-- Name: product_product_parent_id_seq; Type: SEQUENCE; Schema: public; Owner: Pavshop
--

ALTER TABLE public.product_product_parent ALTER COLUMN id ADD GENERATED BY DEFAULT AS IDENTITY (
    SEQUENCE NAME public.product_product_parent_id_seq
    START WITH 1
    INCREMENT BY 1
    NO MINVALUE
    NO MAXVALUE
    CACHE 1
);


--
-- Name: product_product_tag; Type: TABLE; Schema: public; Owner: Pavshop
--

CREATE TABLE public.product_product_tag (
    id bigint NOT NULL,
    product_id bigint NOT NULL,
    tag_id bigint NOT NULL
);


ALTER TABLE public.product_product_tag OWNER TO "Pavshop";

--
-- Name: product_product_tag_id_seq; Type: SEQUENCE; Schema: public; Owner: Pavshop
--

ALTER TABLE public.product_product_tag ALTER COLUMN id ADD GENERATED BY DEFAULT AS IDENTITY (
    SEQUENCE NAME public.product_product_tag_id_seq
    START WITH 1
    INCREMENT BY 1
    NO MINVALUE
    NO MAXVALUE
    CACHE 1
);


--
-- Name: product_productreview; Type: TABLE; Schema: public; Owner: Pavshop
--

CREATE TABLE public.product_productreview (
    id bigint NOT NULL,
    created_at timestamp with time zone NOT NULL,
    update_at timestamp with time zone NOT NULL,
    text text NOT NULL,
    rating numeric(4,3) NOT NULL,
    published_at boolean NOT NULL,
    deleted_at boolean NOT NULL,
    product_id bigint NOT NULL,
    user_id bigint NOT NULL,
    review_id bigint,
    CONSTRAINT rating_data CHECK ((rating < (5)::numeric))
);


ALTER TABLE public.product_productreview OWNER TO "Pavshop";

--
-- Name: product_productreview_id_seq; Type: SEQUENCE; Schema: public; Owner: Pavshop
--

ALTER TABLE public.product_productreview ALTER COLUMN id ADD GENERATED BY DEFAULT AS IDENTITY (
    SEQUENCE NAME public.product_productreview_id_seq
    START WITH 1
    INCREMENT BY 1
    NO MINVALUE
    NO MAXVALUE
    CACHE 1
);


--
-- Name: product_store; Type: TABLE; Schema: public; Owner: Pavshop
--

CREATE TABLE public.product_store (
    id bigint NOT NULL,
    created_at timestamp with time zone NOT NULL,
    update_at timestamp with time zone NOT NULL,
    title character varying(50) NOT NULL,
    address character varying(100) NOT NULL,
    post character varying(6) NOT NULL,
    location character varying(255) NOT NULL,
    user_id bigint NOT NULL,
    deleted_at boolean NOT NULL
);


ALTER TABLE public.product_store OWNER TO "Pavshop";

--
-- Name: product_store_id_seq; Type: SEQUENCE; Schema: public; Owner: Pavshop
--

ALTER TABLE public.product_store ALTER COLUMN id ADD GENERATED BY DEFAULT AS IDENTITY (
    SEQUENCE NAME public.product_store_id_seq
    START WITH 1
    INCREMENT BY 1
    NO MINVALUE
    NO MAXVALUE
    CACHE 1
);


--
-- Name: product_style; Type: TABLE; Schema: public; Owner: Pavshop
--

CREATE TABLE public.product_style (
    id bigint NOT NULL,
    created_at timestamp with time zone NOT NULL,
    update_at timestamp with time zone NOT NULL,
    title character varying(50) NOT NULL,
    slug character varying(100) NOT NULL,
    user_id bigint NOT NULL
);


ALTER TABLE public.product_style OWNER TO "Pavshop";

--
-- Name: product_style_id_seq; Type: SEQUENCE; Schema: public; Owner: Pavshop
--

ALTER TABLE public.product_style ALTER COLUMN id ADD GENERATED BY DEFAULT AS IDENTITY (
    SEQUENCE NAME public.product_style_id_seq
    START WITH 1
    INCREMENT BY 1
    NO MINVALUE
    NO MAXVALUE
    CACHE 1
);


--
-- Name: product_tag; Type: TABLE; Schema: public; Owner: Pavshop
--

CREATE TABLE public.product_tag (
    id bigint NOT NULL,
    created_at timestamp with time zone NOT NULL,
    update_at timestamp with time zone NOT NULL,
    title character varying(20) NOT NULL,
    user_id bigint NOT NULL
);


ALTER TABLE public.product_tag OWNER TO "Pavshop";

--
-- Name: product_tag_id_seq; Type: SEQUENCE; Schema: public; Owner: Pavshop
--

ALTER TABLE public.product_tag ALTER COLUMN id ADD GENERATED BY DEFAULT AS IDENTITY (
    SEQUENCE NAME public.product_tag_id_seq
    START WITH 1
    INCREMENT BY 1
    NO MINVALUE
    NO MAXVALUE
    CACHE 1
);


--
-- Name: product_unit; Type: TABLE; Schema: public; Owner: Pavshop
--

CREATE TABLE public.product_unit (
    id bigint NOT NULL,
    created_at timestamp with time zone NOT NULL,
    update_at timestamp with time zone NOT NULL,
    title character varying(100) NOT NULL,
    user_id bigint NOT NULL
);


ALTER TABLE public.product_unit OWNER TO "Pavshop";

--
-- Name: product_unit_id_seq; Type: SEQUENCE; Schema: public; Owner: Pavshop
--

ALTER TABLE public.product_unit ALTER COLUMN id ADD GENERATED BY DEFAULT AS IDENTITY (
    SEQUENCE NAME public.product_unit_id_seq
    START WITH 1
    INCREMENT BY 1
    NO MINVALUE
    NO MAXVALUE
    CACHE 1
);


--
-- Name: product_variant; Type: TABLE; Schema: public; Owner: Pavshop
--

CREATE TABLE public.product_variant (
    id bigint NOT NULL,
    created_at timestamp with time zone NOT NULL,
    update_at timestamp with time zone NOT NULL,
    title character varying(100) NOT NULL,
    slug character varying(100) NOT NULL,
    price numeric(10,2) NOT NULL,
    color_id bigint NOT NULL,
    product_id_id bigint NOT NULL,
    unit_id bigint,
    user_id bigint NOT NULL,
    in_stock boolean NOT NULL
);


ALTER TABLE public.product_variant OWNER TO "Pavshop";

--
-- Name: product_variant_discount_id; Type: TABLE; Schema: public; Owner: Pavshop
--

CREATE TABLE public.product_variant_discount_id (
    id bigint NOT NULL,
    variant_id bigint NOT NULL,
    discount_id bigint NOT NULL
);


ALTER TABLE public.product_variant_discount_id OWNER TO "Pavshop";

--
-- Name: product_variant_discount_id_id_seq; Type: SEQUENCE; Schema: public; Owner: Pavshop
--

ALTER TABLE public.product_variant_discount_id ALTER COLUMN id ADD GENERATED BY DEFAULT AS IDENTITY (
    SEQUENCE NAME public.product_variant_discount_id_id_seq
    START WITH 1
    INCREMENT BY 1
    NO MINVALUE
    NO MAXVALUE
    CACHE 1
);


--
-- Name: product_variant_id_seq; Type: SEQUENCE; Schema: public; Owner: Pavshop
--

ALTER TABLE public.product_variant ALTER COLUMN id ADD GENERATED BY DEFAULT AS IDENTITY (
    SEQUENCE NAME public.product_variant_id_seq
    START WITH 1
    INCREMENT BY 1
    NO MINVALUE
    NO MAXVALUE
    CACHE 1
);


--
-- Name: product_variant_parent; Type: TABLE; Schema: public; Owner: Pavshop
--

CREATE TABLE public.product_variant_parent (
    id bigint NOT NULL,
    from_variant_id bigint NOT NULL,
    to_variant_id bigint NOT NULL
);


ALTER TABLE public.product_variant_parent OWNER TO "Pavshop";

--
-- Name: product_variant_parent_id_seq; Type: SEQUENCE; Schema: public; Owner: Pavshop
--

ALTER TABLE public.product_variant_parent ALTER COLUMN id ADD GENERATED BY DEFAULT AS IDENTITY (
    SEQUENCE NAME public.product_variant_parent_id_seq
    START WITH 1
    INCREMENT BY 1
    NO MINVALUE
    NO MAXVALUE
    CACHE 1
);


--
-- Name: product_variant_tag; Type: TABLE; Schema: public; Owner: Pavshop
--

CREATE TABLE public.product_variant_tag (
    id bigint NOT NULL,
    variant_id bigint NOT NULL,
    tag_id bigint NOT NULL
);


ALTER TABLE public.product_variant_tag OWNER TO "Pavshop";

--
-- Name: product_variant_tag_id_seq; Type: SEQUENCE; Schema: public; Owner: Pavshop
--

ALTER TABLE public.product_variant_tag ALTER COLUMN id ADD GENERATED BY DEFAULT AS IDENTITY (
    SEQUENCE NAME public.product_variant_tag_id_seq
    START WITH 1
    INCREMENT BY 1
    NO MINVALUE
    NO MAXVALUE
    CACHE 1
);


--
-- Name: product_varianttostore; Type: TABLE; Schema: public; Owner: Pavshop
--

CREATE TABLE public.product_varianttostore (
    id bigint NOT NULL,
    created_at timestamp with time zone NOT NULL,
    update_at timestamp with time zone NOT NULL,
    quantity integer NOT NULL,
    store_id bigint NOT NULL,
    variant_id bigint NOT NULL
);


ALTER TABLE public.product_varianttostore OWNER TO "Pavshop";

--
-- Name: product_varianttostore_id_seq; Type: SEQUENCE; Schema: public; Owner: Pavshop
--

ALTER TABLE public.product_varianttostore ALTER COLUMN id ADD GENERATED BY DEFAULT AS IDENTITY (
    SEQUENCE NAME public.product_varianttostore_id_seq
    START WITH 1
    INCREMENT BY 1
    NO MINVALUE
    NO MAXVALUE
    CACHE 1
);


--
-- Data for Name: account_address; Type: TABLE DATA; Schema: public; Owner: Pavshop
--

COPY public.account_address (id, created_at, update_at, company_name, address, city, country, deleted_at, user_id) FROM stdin;
1	2023-08-24 14:12:38.824574+00	2023-08-25 06:54:52.660041+00	Bafomet 3six	CL SF avenue 5	SF	USA	f	1
\.


--
-- Data for Name: account_order; Type: TABLE DATA; Schema: public; Owner: Pavshop
--

COPY public.account_order (id, created_at, update_at, status_id, user_id, address_id) FROM stdin;
1	2023-08-25 08:27:15.915243+00	2023-08-25 08:27:15.91527+00	4	1	1
\.


--
-- Data for Name: account_producttobasket; Type: TABLE DATA; Schema: public; Owner: Pavshop
--

COPY public.account_producttobasket (id, created_at, update_at, count, discount_id_id, order_id, user_id, variant_id) FROM stdin;
1	2023-08-25 08:28:00.407133+00	2023-08-25 08:28:00.407156+00	2.000	4	1	1	1
\.


--
-- Data for Name: account_status; Type: TABLE DATA; Schema: public; Owner: Pavshop
--

COPY public.account_status (id, created_at, update_at, title, user_id) FROM stdin;
1	2023-08-24 14:23:45.312855+00	2023-08-24 14:23:45.312866+00	order is processed	1
2	2023-08-24 14:24:11.300834+00	2023-08-24 14:24:11.300849+00	order has been paid	1
3	2023-08-24 14:24:30.870916+00	2023-08-24 14:24:30.870927+00	order delivered	1
4	2023-08-24 14:25:28.771264+00	2023-08-24 14:25:28.771276+00	order not completed	1
\.


--
-- Data for Name: account_user; Type: TABLE DATA; Schema: public; Owner: Pavshop
--

COPY public.account_user (id, password, last_login, is_superuser, username, first_name, last_name, is_staff, is_active, date_joined, email, phone, avatar, saller, bloger, deleted_at) FROM stdin;
2	12345678	\N	f	user1	Chris	Prat	f	t	2023-08-25 06:55:36+00	chrisprat@gmail.com	+994503211112		f	t	f
1	pbkdf2_sha256$600000$CdDEm9fmoDfTJyzNz3KDGA$YhwKwor3duvhK9mCCk/t+w7gP0drJ0f/PukuUkRZ76o=	2023-08-23 15:16:47.74245+00	t	megauser			t	t	2023-08-23 15:15:32.204464+00	megauser@pavshop.com	+79312200309		t	t	f
\.


--
-- Data for Name: account_user_groups; Type: TABLE DATA; Schema: public; Owner: Pavshop
--

COPY public.account_user_groups (id, user_id, group_id) FROM stdin;
\.


--
-- Data for Name: account_user_user_permissions; Type: TABLE DATA; Schema: public; Owner: Pavshop
--

COPY public.account_user_user_permissions (id, user_id, permission_id) FROM stdin;
\.


--
-- Data for Name: account_wishlist; Type: TABLE DATA; Schema: public; Owner: Pavshop
--

COPY public.account_wishlist (id, created_at, update_at, deleted_at, user_id, variant_id) FROM stdin;
1	2023-08-24 14:26:25.788389+00	2023-08-24 14:26:25.788399+00	f	1	1
2	2023-08-26 15:05:40.277319+00	2023-08-26 15:05:40.27733+00	f	2	2
\.


--
-- Data for Name: auth_group; Type: TABLE DATA; Schema: public; Owner: Pavshop
--

COPY public.auth_group (id, name) FROM stdin;
\.


--
-- Data for Name: auth_group_permissions; Type: TABLE DATA; Schema: public; Owner: Pavshop
--

COPY public.auth_group_permissions (id, group_id, permission_id) FROM stdin;
\.


--
-- Data for Name: auth_permission; Type: TABLE DATA; Schema: public; Owner: Pavshop
--

COPY public.auth_permission (id, name, content_type_id, codename) FROM stdin;
1	Can add log entry	1	add_logentry
2	Can change log entry	1	change_logentry
3	Can delete log entry	1	delete_logentry
4	Can view log entry	1	view_logentry
5	Can add permission	2	add_permission
6	Can change permission	2	change_permission
7	Can delete permission	2	delete_permission
8	Can view permission	2	view_permission
9	Can add group	3	add_group
10	Can change group	3	change_group
11	Can delete group	3	delete_group
12	Can view group	3	view_group
13	Can add content type	4	add_contenttype
14	Can change content type	4	change_contenttype
15	Can delete content type	4	delete_contenttype
16	Can view content type	4	view_contenttype
17	Can add session	5	add_session
18	Can change session	5	change_session
19	Can delete session	5	delete_session
20	Can view session	5	view_session
21	Can add subscriber	6	add_subscriber
22	Can change subscriber	6	change_subscriber
23	Can delete subscriber	6	delete_subscriber
24	Can view subscriber	6	view_subscriber
25	Can add home slider	7	add_homeslider
26	Can change home slider	7	change_homeslider
27	Can delete home slider	7	delete_homeslider
28	Can view home slider	7	view_homeslider
29	Can add contact	8	add_contact
30	Can change contact	8	change_contact
31	Can delete contact	8	delete_contact
32	Can view contact	8	view_contact
33	Can add user	9	add_user
34	Can change user	9	change_user
35	Can delete user	9	delete_user
36	Can view user	9	view_user
37	Can add user_address	10	add_address
38	Can change user_address	10	change_address
39	Can delete user_address	10	delete_address
40	Can view user_address	10	view_address
41	Can add order	11	add_order
42	Can change order	11	change_order
43	Can delete order	11	delete_order
44	Can view order	11	view_order
45	Can add product_to_basket	12	add_producttobasket
46	Can change product_to_basket	12	change_producttobasket
47	Can delete product_to_basket	12	delete_producttobasket
48	Can view product_to_basket	12	view_producttobasket
49	Can add status	13	add_status
50	Can change status	13	change_status
51	Can delete status	13	delete_status
52	Can view status	13	view_status
53	Can add users_wishs	14	add_wishlist
54	Can change users_wishs	14	change_wishlist
55	Can delete users_wishs	14	delete_wishlist
56	Can view users_wishs	14	view_wishlist
57	Can add brand	15	add_brand
58	Can change brand	15	change_brand
59	Can delete brand	15	delete_brand
60	Can view brand	15	view_brand
61	Can add category	16	add_category
62	Can change category	16	change_category
63	Can delete category	16	delete_category
64	Can view category	16	view_category
65	Can add collection	17	add_collection
66	Can change collection	17	change_collection
67	Can delete collection	17	delete_collection
68	Can view collection	17	view_collection
69	Can add color	18	add_color
70	Can change color	18	change_color
71	Can delete color	18	delete_color
72	Can view color	18	view_color
73	Can add discont	19	add_discount
74	Can change discont	19	change_discount
75	Can delete discont	19	delete_discount
76	Can view discont	19	view_discount
77	Can add Image	20	add_image
78	Can change Image	20	change_image
79	Can delete Image	20	delete_image
80	Can view Image	20	view_image
81	Can add product	21	add_product
82	Can change product	21	change_product
83	Can delete product	21	delete_product
84	Can view product	21	view_product
85	Can add store	22	add_store
86	Can change store	22	change_store
87	Can delete store	22	delete_store
88	Can view store	22	view_store
89	Can add tag	23	add_tag
90	Can change tag	23	change_tag
91	Can delete tag	23	delete_tag
92	Can view tag	23	view_tag
93	Can add Unit	24	add_unit
94	Can change Unit	24	change_unit
95	Can delete Unit	24	delete_unit
96	Can view Unit	24	view_unit
97	Can add variant	25	add_variant
98	Can change variant	25	change_variant
99	Can delete variant	25	delete_variant
100	Can view variant	25	view_variant
101	Can add style	26	add_style
102	Can change style	26	change_style
103	Can delete style	26	delete_style
104	Can view style	26	view_style
105	Can add review	27	add_productreview
106	Can change review	27	change_productreview
107	Can delete review	27	delete_productreview
108	Can view review	27	view_productreview
109	Can add discount type	28	add_discounttype
110	Can change discount type	28	change_discounttype
111	Can delete discount type	28	delete_discounttype
112	Can view discount type	28	view_discounttype
113	Can add designer	29	add_designer
114	Can change designer	29	change_designer
115	Can delete designer	29	delete_designer
116	Can view designer	29	view_designer
117	Can add variant to store	30	add_varianttostore
118	Can change variant to store	30	change_varianttostore
119	Can delete variant to store	30	delete_varianttostore
120	Can view variant to store	30	view_varianttostore
121	Can add post	31	add_post
122	Can change post	31	change_post
123	Can delete post	31	delete_post
124	Can view post	31	view_post
125	Can add review	32	add_postreview
126	Can change review	32	change_postreview
127	Can delete review	32	delete_postreview
128	Can view review	32	view_postreview
\.


--
-- Data for Name: blog_post; Type: TABLE DATA; Schema: public; Owner: Pavshop
--

COPY public.blog_post (id, created_at, update_at, title, slug, text, "Preview", published_at, deleted_at, author_id) FROM stdin;
1	2023-08-24 14:10:04.730954+00	2023-08-24 14:10:04.730966+00	in trends furnitures with zero CO2 emmision	in-trends-furnitures-with-zero-co2-emmision	Lorem ipsum dolor sit amet, consectetur adipiscing elit. Phasellus congue velit at elit maximus, vel dapibus dui vulputate. Aliquam tincidunt, justo at faucibus mattis, ex turpis placerat purus, ac blandit est nunc non magna. Ut fringilla enim magna, non suscipit diam iaculis eget. Nulla vel felis lectus. Vestibulum sagittis viverra lectus, id malesuada purus pellentesque ac. Cras sollicitudin, eros non scelerisque luctus, quam ex interdum lectus, sit amet congue est mi in sem. Proin porta sapien vitae congue tincidunt.\r\n\r\nProin bibendum ante orci, et maximus odio volutpat id. Nulla eget sem ut lacus vestibulum auctor tempor eget augue. Nunc semper ipsum ac massa vestibulum sollicitudin. Curabitur vel neque pulvinar tellus efficitur imperdiet. Vestibulum sit amet consectetur massa. Integer cursus facilisis enim, ac lacinia dolor elementum nec. Ut vel egestas urna. Praesent sagittis lacus vel sem rhoncus, ac molestie nisi vestibulum. Maecenas aliquam, est sed commodo posuere, dui sem venenatis dui, a suscipit ex quam eget tellus. Ut sem ligula, laoreet et mauris et, venenatis fringilla nisi. Lorem ipsum dolor sit amet, consectetur adipiscing elit. Cras pharetra, lacus sed tincidunt sodales, ipsum ante eleifend sem, vel egestas lacus quam a risus. Proin sit amet consequat lectus, tempor eleifend elit.\r\n\r\nMorbi id nulla id ligula rhoncus finibus eget eu ligula. Vestibulum aliquam, libero at pretium interdum, ipsum ipsum feugiat est, ac iaculis lectus tortor sit amet dui. Nunc fermentum sit amet arcu eu vehicula. Donec fringilla, nunc et interdum venenatis, risus orci tincidunt augue, non efficitur nibh elit ut risus. Fusce luctus libero et nisl pulvinar ullamcorper. Vivamus fermentum lorem quis neque iaculis, in volutpat est maximus. Duis et nisi at dui vestibulum condimentum. Mauris ut nunc a risus tempor aliquet. Nulla vitae tristique diam. Phasellus lacinia justo et tortor sagittis convallis.\r\n\r\nSed sed iaculis eros. Nam in nunc vitae ipsum ultricies lobortis. Fusce ultricies urna libero, id pharetra lectus dictum ut. Praesent eu tellus ac nunc feugiat posuere. Suspendisse potenti. Vestibulum risus sem, tristique ac lorem eget, eleifend eleifend tellus. Nunc volutpat, tellus at vestibulum hendrerit, erat quam efficitur nulla, quis tincidunt sem ex eu mi. Aenean egestas fermentum eros, sit amet bibendum nisi. Nam sit amet aliquet felis. In sit amet eros risus. Praesent finibus purus vitae lacus ultrices, porttitor porta purus tempus. Interdum et malesuada fames ac ante ipsum primis in faucibus.\r\n\r\nSuspendisse ultrices magna leo, sed laoreet sem dapibus ut. Aliquam erat volutpat. Sed feugiat quis dolor id fermentum. Cras tristique turpis ut massa elementum aliquam. Proin eu interdum enim. Sed vitae velit eleifend, fermentum diam commodo, ornare purus. Aliquam erat volutpat. Donec dignissim metus ac quam luctus, non auctor ligula blandit. Lorem ipsum dolor sit amet, consectetur adipiscing elit. Maecenas tincidunt sem sit amet laoreet eleifend. Ut arcu elit, lobortis ac sodales id, finibus at mauris. Pellentesque habitant morbi tristique senectus et netus et malesuada fames ac turpis egestas	blog_image/cyberpunk-5_QS8IRwH.jpg	f	f	1
\.


--
-- Data for Name: blog_post_category; Type: TABLE DATA; Schema: public; Owner: Pavshop
--

COPY public.blog_post_category (id, post_id, category_id) FROM stdin;
\.


--
-- Data for Name: blog_post_image; Type: TABLE DATA; Schema: public; Owner: Pavshop
--

COPY public.blog_post_image (id, post_id, image_id) FROM stdin;
\.


--
-- Data for Name: blog_post_product; Type: TABLE DATA; Schema: public; Owner: Pavshop
--

COPY public.blog_post_product (id, post_id, product_id) FROM stdin;
\.


--
-- Data for Name: blog_post_tag; Type: TABLE DATA; Schema: public; Owner: Pavshop
--

COPY public.blog_post_tag (id, post_id, tag_id) FROM stdin;
1	1	2
2	1	5
\.


--
-- Data for Name: blog_postreview; Type: TABLE DATA; Schema: public; Owner: Pavshop
--

COPY public.blog_postreview (id, created_at, update_at, text, deleted_at, post_id, review_id, user_id) FROM stdin;
1	2023-08-24 14:10:50.297791+00	2023-08-24 14:10:50.297801+00	Lorem ipsum dolor sit amet, consectetur adipiscing elit. Phasellus congue velit at elit maximus, vel dapibus dui vulputate. Aliquam tincidunt, justo at faucibus mattis, ex turpis placerat purus, ac blandit est nunc non magna. Ut fringilla enim magna, non suscipit diam iaculis eget. Nulla vel felis lectus. Vestibulum sagittis viverra lectus, id malesuada purus pellentesque ac. Cras sollicitudin, eros non scelerisque luctus, quam ex interdum lectus, sit amet congue est mi in sem. Proin porta sapien vitae congue tincidunt.	f	1	\N	1
\.


--
-- Data for Name: core_contact; Type: TABLE DATA; Schema: public; Owner: Pavshop
--

COPY public.core_contact (id, created_at, update_at, name, email, phone, subject, message, status, user_id) FROM stdin;
\.


--
-- Data for Name: core_homeslider; Type: TABLE DATA; Schema: public; Owner: Pavshop
--

COPY public.core_homeslider (id, created_at, update_at, title, slide, first_line, second_line, published_at, deleted_at, user_id, variant_id) FROM stdin;
1	2023-08-26 15:22:41.978685+00	2023-08-26 15:22:41.978696+00	axe discount	slide_image/slide-bg-1.jpg	Featured	Circle	t	f	2	2
\.


--
-- Data for Name: core_subscriber; Type: TABLE DATA; Schema: public; Owner: Pavshop
--

COPY public.core_subscriber (id, created_at, update_at, email) FROM stdin;
\.


--
-- Data for Name: django_admin_log; Type: TABLE DATA; Schema: public; Owner: Pavshop
--

COPY public.django_admin_log (id, action_time, object_id, object_repr, action_flag, change_message, content_type_id, user_id) FROM stdin;
1	2023-08-24 12:06:32.920409+00	1	Accessories	1	[{"added": {}}]	16	1
2	2023-08-24 12:06:49.410443+00	2	Bathroom	1	[{"added": {}}]	16	1
3	2023-08-24 12:07:13.095122+00	3	Bedroom	1	[{"added": {}}]	16	1
4	2023-08-24 12:07:32.348795+00	4	Dining room	1	[{"added": {}}]	16	1
5	2023-08-24 12:07:50.680746+00	5	Hallway	1	[{"added": {}}]	16	1
6	2023-08-24 12:08:07.791541+00	6	Kitchen	1	[{"added": {}}]	16	1
7	2023-08-24 12:08:30.07093+00	7	Light	1	[{"added": {}}]	16	1
8	2023-08-24 12:08:48.103171+00	8	Living room	1	[{"added": {}}]	16	1
9	2023-08-24 12:09:15.730248+00	9	Office	1	[{"added": {}}]	16	1
10	2023-08-24 12:09:25.457261+00	10	Terrace	1	[{"added": {}}]	16	1
11	2023-08-24 12:09:50.564481+00	11	Wardrobe	1	[{"added": {}}]	16	1
12	2023-08-24 12:10:23.926128+00	12	Table	1	[{"added": {}}]	16	1
13	2023-08-24 12:10:37.058745+00	13	Sofa	1	[{"added": {}}]	16	1
14	2023-08-24 12:10:54.745648+00	14	Office chair	1	[{"added": {}}]	16	1
15	2023-08-24 12:11:18.779994+00	15	Nightstand	1	[{"added": {}}]	16	1
16	2023-08-24 12:11:41.197575+00	16	Floor lamp	1	[{"added": {}}]	16	1
17	2023-08-24 12:12:01.396163+00	17	Dresser	1	[{"added": {}}]	16	1
18	2023-08-24 12:12:28.041417+00	18	Desk	1	[{"added": {}}]	16	1
19	2023-08-24 12:12:48.603983+00	19	Chair	1	[{"added": {}}]	16	1
20	2023-08-24 12:13:21.166441+00	20	Bookshelf	1	[{"added": {}}]	16	1
21	2023-08-24 12:13:37.019936+00	21	Bed	1	[{"added": {}}]	16	1
22	2023-08-24 12:14:12.822497+00	22	Armchair	1	[{"added": {}}]	16	1
23	2023-08-24 12:14:45.694798+00	1	Black	1	[{"added": {}}]	18	1
24	2023-08-24 12:15:03.335379+00	2	White	1	[{"added": {}}]	18	1
25	2023-08-24 12:15:17.221238+00	3	Blue	1	[{"added": {}}]	18	1
26	2023-08-24 12:15:26.559648+00	4	Green	1	[{"added": {}}]	18	1
27	2023-08-24 12:15:35.732181+00	5	Red	1	[{"added": {}}]	18	1
28	2023-08-24 12:15:48.510331+00	6	Brown	1	[{"added": {}}]	18	1
29	2023-08-24 12:15:54.883307+00	7	Yellow	1	[{"added": {}}]	18	1
30	2023-08-24 12:16:40.810868+00	1	Axe 1919	1	[{"added": {}}]	15	1
31	2023-08-24 12:17:01.183046+00	2	Boutique 78	1	[{"added": {}}]	15	1
32	2023-08-24 12:17:39.116847+00	1	Purlpe Sun	1	[{"added": {}}]	17	1
33	2023-08-24 12:18:31.957662+00	1	Rayn Gosling	1	[{"added": {}}]	29	1
34	2023-08-24 12:18:52.225687+00	1	Amount	1	[{"added": {}}]	28	1
35	2023-08-24 12:20:45.877811+00	2	Subtract Percent	1	[{"added": {}}]	28	1
36	2023-08-24 12:21:23.202759+00	3	Subtract sum	1	[{"added": {}}]	28	1
37	2023-08-24 12:27:50.171198+00	4	subtract if amount	1	[{"added": {}}]	28	1
38	2023-08-24 12:28:07.85455+00	5	subtract persent if amount	1	[{"added": {}}]	28	1
39	2023-08-24 12:29:00.358318+00	6	together cheaper	1	[{"added": {}}]	28	1
40	2023-08-24 12:30:34.68113+00	7	gift if sum gt	1	[{"added": {}}]	28	1
41	2023-08-24 12:30:54.763197+00	8	gift if amount gt	1	[{"added": {}}]	28	1
42	2023-08-24 12:31:06.78569+00	9	gift if	1	[{"added": {}}]	28	1
43	2023-08-24 12:31:45.969435+00	10	gift if buy	1	[{"added": {}}]	28	1
44	2023-08-24 12:32:59.321278+00	11	someone to free	1	[{"added": {}}]	28	1
45	2023-08-24 12:40:15.611473+00	1	Modern	1	[{"added": {}}]	26	1
46	2023-08-24 12:40:28.859223+00	2	Gothic	1	[{"added": {}}]	26	1
47	2023-08-24 12:40:37.645422+00	3	Baroque	1	[{"added": {}}]	26	1
48	2023-08-24 12:40:44.037856+00	4	Rococo	1	[{"added": {}}]	26	1
49	2023-08-24 12:41:03.260369+00	5	Classic	1	[{"added": {}}]	26	1
50	2023-08-24 12:41:14.240239+00	6	High tech	1	[{"added": {}}]	26	1
51	2023-08-24 12:41:36.804713+00	7	Empire	1	[{"added": {}}]	26	1
52	2023-08-24 12:47:50.37684+00	1	piece	1	[{"added": {}}]	24	1
53	2023-08-24 12:47:56.93321+00	2	set	1	[{"added": {}}]	24	1
54	2023-08-24 12:50:43.185166+00	2	2	1	[{"added": {}}]	22	1
55	2023-08-24 12:52:08.198294+00	1	cushioned furniture	1	[{"added": {}}]	23	1
56	2023-08-24 12:53:36.210492+00	2	in trend	1	[{"added": {}}]	23	1
57	2023-08-24 12:55:32.15492+00	3	natural materials	1	[{"added": {}}]	23	1
58	2023-08-24 12:56:12.02384+00	4	recycled materials	1	[{"added": {}}]	23	1
59	2023-08-24 12:57:10.99836+00	5	zero CO2 emission	1	[{"added": {}}]	23	1
60	2023-08-24 13:25:20.834513+00	2	Sofa Axe 1919	1	[{"added": {}}]	21	1
61	2023-08-24 13:29:33.932354+00	1	blog_image/EzFdTZaWUAIaWvo.jpg	1	[{"added": {}}]	20	1
62	2023-08-24 13:38:41.724635+00	1	Sofa Axe 1919 double red Red piece	1	[{"added": {}}]	25	1
63	2023-08-24 13:50:29.676574+00	2	Sofa Axe 1919	2	[{"changed": {"fields": ["Designer"]}}]	21	1
64	2023-08-24 13:52:01.599992+00	1	megauser Sofa Axe 1919	1	[{"added": {}}]	27	1
65	2023-08-24 14:07:12.656605+00	2	blog_image/cyberpunk-5.jpg	1	[{"added": {}}]	20	1
66	2023-08-24 14:10:04.742077+00	1	in trends furnitures with zero CO2 emmision	1	[{"added": {}}]	31	1
67	2023-08-24 14:10:50.298719+00	1	PostReview object (1)	1	[{"added": {}}]	32	1
68	2023-08-24 14:12:38.825671+00	1	Address object (1)	1	[{"added": {}}]	10	1
69	2023-08-24 14:23:45.31364+00	1	Status object (1)	1	[{"added": {}}]	13	1
70	2023-08-24 14:24:11.301246+00	2	Status object (2)	1	[{"added": {}}]	13	1
71	2023-08-24 14:24:30.871468+00	3	Status object (3)	1	[{"added": {}}]	13	1
72	2023-08-24 14:25:28.771693+00	4	Status object (4)	1	[{"added": {}}]	13	1
73	2023-08-24 14:26:25.789526+00	1	WishList object (1)	1	[{"added": {}}]	14	1
74	2023-08-24 15:23:14.981678+00	4	Axe1919 2023 summer	1	[{"added": {}}]	19	1
75	2023-08-24 15:40:48.949872+00	1	Sofa Axe 1919 double Red piece	2	[{"changed": {"fields": ["Variant"]}}]	25	1
76	2023-08-25 06:54:52.661662+00	1	Address object (1)	2	[{"changed": {"fields": ["Company"]}}]	10	1
77	2023-08-25 06:57:18.224513+00	2	Chris Prat	1	[{"added": {}}]	9	1
78	2023-08-25 06:57:30.885685+00	1	megauser	2	[{"changed": {"fields": ["Bloger", "Saller"]}}]	9	1
79	2023-08-25 08:27:15.916942+00	1	1 order not completed	1	[{"added": {}}]	11	1
80	2023-08-25 08:28:00.410448+00	1	megauser Sofa Axe 1919 double color:Red (piece) count:2	1	[{"added": {}}]	12	1
81	2023-08-25 08:29:14.498428+00	1	Axe 1488	2	[{"changed": {"fields": ["Brand", "Slug"]}}]	15	1
82	2023-08-25 08:32:52.57037+00	2	Annenerbe	2	[{"changed": {"fields": ["Product"]}}]	21	1
83	2023-08-25 08:33:50.799566+00	2	Ahnenerbe	2	[{"changed": {"fields": ["Product"]}}]	21	1
84	2023-08-25 08:38:40.974488+00	1	Axe1488	2	[{"changed": {"fields": ["Brand", "Slug"]}}]	15	1
85	2023-08-25 08:40:31.901302+00	1	Ahnenerbe double sofa color:Red (piece)	2	[{"changed": {"fields": ["Variant"]}}]	25	1
86	2023-08-26 07:35:02.225976+00	2	Ahnenerbe double sofa color:Red (piece) sotore:Pavshop New York , Av. 5th, 225, quantity:21	1	[{"added": {}}]	30	1
87	2023-08-26 08:05:01.025331+00	3	blog_image/item-img-1-1.jpg	1	[{"added": {}}]	20	1
88	2023-08-26 08:05:26.245021+00	1	Ahnenerbe double sofa color:Red (piece)	2	[{"changed": {"fields": ["Image", "Tag"]}}]	25	1
89	2023-08-26 08:49:35.529048+00	23	Closet	1	[{"added": {}}]	16	1
90	2023-08-26 08:53:06.14693+00	24	chest of drawers	1	[{"added": {}}]	16	1
91	2023-08-26 08:57:07.634479+00	25	cushioned furniture	1	[{"added": {}}]	16	1
92	2023-08-26 08:57:25.840864+00	26	couch	1	[{"added": {}}]	16	1
93	2023-08-26 09:19:00.211463+00	27	pouffe	1	[{"added": {}}]	16	1
94	2023-08-26 09:40:30.358361+00	2	Boutique 78 Luftwaffe	1	[{"added": {}}]	17	1
95	2023-08-26 09:46:32.460394+00	3	Decided 731	1	[{"added": {}}]	21	1
96	2023-08-26 09:50:39.39571+00	2	Decided 731 (6 lamps) color:Black (piece)	1	[{"added": {}}]	25	1
97	2023-08-26 09:50:56.712071+00	3	Decided 731 (6 lamps) color:Black (piece) sotore:Pavshop New York , Av. 5th, 225, quantity:5	1	[{"added": {}}]	30	1
98	2023-08-26 09:59:00.224128+00	3	Decided 731 (6 lamps) color:Black (piece) sotore:Pavshop New York , Av. 5th, 225, quantity:0	2	[{"changed": {"fields": ["Quantity"]}}]	30	1
99	2023-08-26 10:02:21.381371+00	3	Decided 731 (6 lamps) color:Black (piece) sotore:Pavshop New York , Av. 5th, 225, quantity:2	2	[{"changed": {"fields": ["Quantity"]}}]	30	1
100	2023-08-26 10:15:56.735843+00	1	blog_image/EzFdTZaWUAIaWvo.jpg	3		20	1
101	2023-08-26 10:15:56.738242+00	2	blog_image/cyberpunk-5.jpg	3		20	1
102	2023-08-26 10:15:56.739525+00	3	blog_image/item-img-1-1.jpg	3		20	1
103	2023-08-26 10:17:16.005041+00	1	Ahnenerbe double sofa color:Red (piece)	2	[{"added": {"name": "Image", "object": "blog_image/item-img-1-1_huD9hy4.jpg"}}]	25	1
104	2023-08-26 10:26:19.109549+00	1	Ahnenerbe double sofa color:Red (piece)	2	[{"added": {"name": "Image", "object": "blog_image/item-img-1-1-1.jpg"}}, {"changed": {"name": "Image", "object": "blog_image/item-img-1-1_huD9hy4.jpg", "fields": ["Is main"]}}]	25	1
105	2023-08-26 10:34:48.022114+00	2	Decided 731 (6 lamps) color:Black (piece)	2	[{"added": {"name": "Image", "object": "blog_image/item-img-1-1_43zCdb1.jpg"}}]	25	1
106	2023-08-26 15:05:40.280253+00	2	Chris Prat wish:Decided 731 (6 lamps) color:Black (piece)	1	[{"added": {}}]	14	1
107	2023-08-26 15:22:41.980341+00	1	axe discount	1	[{"added": {}}]	7	1
\.


--
-- Data for Name: django_content_type; Type: TABLE DATA; Schema: public; Owner: Pavshop
--

COPY public.django_content_type (id, app_label, model) FROM stdin;
1	admin	logentry
2	auth	permission
3	auth	group
4	contenttypes	contenttype
5	sessions	session
6	core	subscriber
7	core	homeslider
8	core	contact
9	account	user
10	account	address
11	account	order
12	account	producttobasket
13	account	status
14	account	wishlist
15	product	brand
16	product	category
17	product	collection
18	product	color
19	product	discount
20	product	image
21	product	product
22	product	store
23	product	tag
24	product	unit
25	product	variant
26	product	style
27	product	productreview
28	product	discounttype
29	product	designer
30	product	varianttostore
31	blog	post
32	blog	postreview
\.


--
-- Data for Name: django_migrations; Type: TABLE DATA; Schema: public; Owner: Pavshop
--

COPY public.django_migrations (id, app, name, applied) FROM stdin;
1	account	0001_initial	2023-08-23 15:09:45.15084+00
2	product	0001_initial	2023-08-23 15:09:45.477188+00
3	contenttypes	0001_initial	2023-08-23 15:09:45.482438+00
4	contenttypes	0002_remove_content_type_name	2023-08-23 15:09:45.498918+00
5	auth	0001_initial	2023-08-23 15:09:45.528659+00
6	auth	0002_alter_permission_name_max_length	2023-08-23 15:09:45.534586+00
7	auth	0003_alter_user_email_max_length	2023-08-23 15:09:45.540286+00
8	auth	0004_alter_user_username_opts	2023-08-23 15:09:45.546356+00
9	auth	0005_alter_user_last_login_null	2023-08-23 15:09:45.552601+00
10	auth	0006_require_contenttypes_0002	2023-08-23 15:09:45.555227+00
11	auth	0007_alter_validators_add_error_messages	2023-08-23 15:09:45.560499+00
12	auth	0008_alter_user_username_max_length	2023-08-23 15:09:45.585181+00
13	auth	0009_alter_user_last_name_max_length	2023-08-23 15:09:45.591806+00
14	auth	0010_alter_group_name_max_length	2023-08-23 15:09:45.599146+00
15	auth	0011_update_proxy_permissions	2023-08-23 15:09:45.616112+00
16	auth	0012_alter_user_first_name_max_length	2023-08-23 15:09:45.623302+00
17	account	0002_initial	2023-08-23 15:09:45.826313+00
18	admin	0001_initial	2023-08-23 15:09:45.853675+00
19	admin	0002_logentry_remove_auto_add	2023-08-23 15:09:45.868339+00
20	admin	0003_logentry_add_action_flag_choices	2023-08-23 15:09:45.884846+00
21	blog	0001_initial	2023-08-23 15:09:45.967686+00
22	core	0001_initial	2023-08-23 15:09:46.022445+00
23	sessions	0001_initial	2023-08-23 15:09:46.030472+00
24	product	0002_alter_product_parent_alter_variant_parent_and_more	2023-08-23 15:11:42.083148+00
25	product	0003_variant_user_alter_image_user_alter_product_user	2023-08-24 07:03:38.525579+00
26	product	0004_remove_product_views_alter_discount_discount_size_and_more	2023-08-24 13:14:02.098867+00
27	product	0005_alter_variant_discount_id	2023-08-24 13:38:24.78455+00
28	product	0006_product_designer	2023-08-24 13:50:11.148288+00
29	product	0007_productreview_review	2023-08-24 13:57:24.338813+00
30	blog	0002_alter_post_category_alter_post_image_and_more	2023-08-24 14:09:08.138799+00
31	account	0003_order_address	2023-08-24 14:15:43.104063+00
32	product	0008_rename_discount_size_discount_discount_persent_and_more	2023-08-24 15:10:36.599351+00
33	product	0009_remove_discount_persent_alter_discount_other_product_and_more	2023-08-24 15:21:43.873465+00
34	product	0010_alter_discount_price_sum	2023-08-24 15:23:07.671921+00
35	product	0011_store_deleted_at	2023-08-25 07:35:21.242041+00
36	product	0012_brand_deleted_at_collection_deleted_at	2023-08-25 08:05:47.374625+00
37	product	0013_alter_variant_product_id_alter_variant_tag	2023-08-26 09:51:53.511801+00
38	product	0014_remove_variant_image_id_variant_image_id	2023-08-26 10:11:22.189302+00
39	product	0015_remove_variant_image_id	2023-08-26 10:13:29.198653+00
40	product	0016_image_variant	2023-08-26 10:13:39.16828+00
41	product	0017_image_is_main	2023-08-26 10:25:49.897934+00
42	product	0018_collection_published_at_variant_in_stock_and_more	2023-08-27 07:16:52.052466+00
\.


--
-- Data for Name: django_session; Type: TABLE DATA; Schema: public; Owner: Pavshop
--

COPY public.django_session (session_key, session_data, expire_date) FROM stdin;
wwtbnizn5jhqxtugpz1nk6nkcwg49xl1	.eJxVjEEOwiAQRe_C2hBmKgx16d4zEJihUjU0Ke3KeHfbpAvd_vfef6sQ16WEteU5jKIuCtTpd0uRn7nuQB6x3ifNU13mMeld0Qdt-jZJfl0P9--gxFa2OpJ1PWQAYgbOZsCzSdYQoYHIHTrvyCLIAHkj1ItIAuyQfErsHavPF8GaNyo:1qYpbD:VzKpYtA-Y_vwg70a6oXP4yuP9aCaUlUrZzTitncIDI4	2023-09-06 15:16:47.744726+00
\.


--
-- Data for Name: product_brand; Type: TABLE DATA; Schema: public; Owner: Pavshop
--

COPY public.product_brand (id, created_at, update_at, title, slug, user_id, deleted_at) FROM stdin;
2	2023-08-24 12:17:01.181968+00	2023-08-24 12:17:01.181979+00	Boutique 78	boutique-78	1	f
1	2023-08-24 12:16:40.809458+00	2023-08-25 08:38:40.973605+00	Axe1488	axe1488	1	f
\.


--
-- Data for Name: product_category; Type: TABLE DATA; Schema: public; Owner: Pavshop
--

COPY public.product_category (id, created_at, update_at, title, parent_id, slug, user_id) FROM stdin;
1	2023-08-24 12:06:32.919153+00	2023-08-24 12:06:32.919166+00	Accessories	\N	accessories	1
2	2023-08-24 12:06:49.409556+00	2023-08-24 12:06:49.40958+00	Bathroom	\N	bathroom	1
3	2023-08-24 12:07:13.094121+00	2023-08-24 12:07:13.094133+00	Bedroom	\N	bedroom	1
4	2023-08-24 12:07:32.347925+00	2023-08-24 12:07:32.347938+00	Dining room	\N	dining-room	1
5	2023-08-24 12:07:50.680133+00	2023-08-24 12:07:50.680143+00	Hallway	\N	hallway	1
6	2023-08-24 12:08:07.791123+00	2023-08-24 12:08:07.791133+00	Kitchen	\N	kitchen	1
7	2023-08-24 12:08:30.069417+00	2023-08-24 12:08:30.06944+00	Light	\N	light	1
8	2023-08-24 12:08:48.102176+00	2023-08-24 12:08:48.102187+00	Living room	\N	living-room	1
9	2023-08-24 12:09:15.729433+00	2023-08-24 12:09:15.729448+00	Office	\N	office	1
10	2023-08-24 12:09:25.456467+00	2023-08-24 12:09:25.456486+00	Terrace	\N	terrace	1
11	2023-08-24 12:09:50.563575+00	2023-08-24 12:09:50.563594+00	Wardrobe	5	wardrobe	1
12	2023-08-24 12:10:23.925433+00	2023-08-24 12:10:23.92545+00	Table	4	table	1
13	2023-08-24 12:10:37.057933+00	2023-08-24 12:10:37.057944+00	Sofa	8	sofa	1
14	2023-08-24 12:10:54.744651+00	2023-08-24 12:10:54.744662+00	Office chair	9	office-chair	1
15	2023-08-24 12:11:18.779161+00	2023-08-24 12:11:18.77918+00	Nightstand	3	nightstand	1
16	2023-08-24 12:11:41.196655+00	2023-08-24 12:11:41.196668+00	Floor lamp	7	floor-lamp	1
17	2023-08-24 12:12:01.395063+00	2023-08-24 12:12:01.395099+00	Dresser	3	dresser	1
18	2023-08-24 12:12:28.040723+00	2023-08-24 12:12:28.04074+00	Desk	9	desk	1
19	2023-08-24 12:12:48.60316+00	2023-08-24 12:12:48.603173+00	Chair	4	chair	1
20	2023-08-24 12:13:21.165832+00	2023-08-24 12:13:21.165842+00	Bookshelf	9	bookshelf	1
21	2023-08-24 12:13:37.019199+00	2023-08-24 12:13:37.019211+00	Bed	3	bed	1
22	2023-08-24 12:14:12.821435+00	2023-08-24 12:14:12.821452+00	Armchair	8	armchair	1
23	2023-08-26 08:49:35.528107+00	2023-08-26 08:49:35.528118+00	Closet	11	closet	1
24	2023-08-26 08:53:06.146049+00	2023-08-26 08:53:06.146059+00	chest of drawers	11	chest-of-drawers	1
25	2023-08-26 08:57:07.633872+00	2023-08-26 08:57:07.633881+00	cushioned furniture	\N	cushioned-furniture	1
26	2023-08-26 08:57:25.840387+00	2023-08-26 08:57:25.840397+00	couch	25	couch	1
27	2023-08-26 09:19:00.210858+00	2023-08-26 09:19:00.210869+00	pouffe	25	pouffe	1
\.


--
-- Data for Name: product_collection; Type: TABLE DATA; Schema: public; Owner: Pavshop
--

COPY public.product_collection (id, created_at, update_at, title, slug, brand_id_id, user_id, deleted_at, published_at) FROM stdin;
1	2023-08-24 12:17:39.115757+00	2023-08-24 12:17:39.115767+00	Purlpe Sun	purlpe-sun-1	1	1	f	f
2	2023-08-26 09:40:30.357465+00	2023-08-26 09:40:30.357476+00	Luftwaffe	luftwaffe	2	1	f	f
\.


--
-- Data for Name: product_color; Type: TABLE DATA; Schema: public; Owner: Pavshop
--

COPY public.product_color (id, created_at, update_at, title, slug, user_id) FROM stdin;
1	2023-08-24 12:14:45.69351+00	2023-08-24 12:14:45.693525+00	Black	black	1
2	2023-08-24 12:15:03.334816+00	2023-08-24 12:15:03.334827+00	White	white	1
3	2023-08-24 12:15:17.220833+00	2023-08-24 12:15:17.220843+00	Blue	blue	1
4	2023-08-24 12:15:26.558619+00	2023-08-24 12:15:26.558632+00	Green	green	1
5	2023-08-24 12:15:35.73123+00	2023-08-24 12:15:35.731245+00	Red	red	1
6	2023-08-24 12:15:48.509433+00	2023-08-24 12:15:48.509442+00	Brown	brown	1
7	2023-08-24 12:15:54.882329+00	2023-08-24 12:15:54.882341+00	Yellow	yellow	1
\.


--
-- Data for Name: product_designer; Type: TABLE DATA; Schema: public; Owner: Pavshop
--

COPY public.product_designer (id, created_at, update_at, name, slug, user_id) FROM stdin;
1	2023-08-24 12:18:31.956414+00	2023-08-24 12:18:31.956432+00	Rayn Gosling	rayn-gosling	1
\.


--
-- Data for Name: product_discount; Type: TABLE DATA; Schema: public; Owner: Pavshop
--

COPY public.product_discount (id, created_at, update_at, title, code, amount, decrease_by, discount_persent, date_begin, date_end, deleted_at, other_product_id, type_id_id, user_id, price_sum) FROM stdin;
4	2023-08-24 15:23:14.979343+00	2023-08-24 15:23:14.979357+00	Axe1919 2023 summer	axe1488	3	30.00	0.00	2023-08-08	2023-08-22	f	\N	4	1	\N
\.


--
-- Data for Name: product_discounttype; Type: TABLE DATA; Schema: public; Owner: Pavshop
--

COPY public.product_discounttype (id, created_at, update_at, title, user_id) FROM stdin;
1	2023-08-24 12:18:52.224605+00	2023-08-24 12:18:52.224615+00	Amount	1
2	2023-08-24 12:20:45.877282+00	2023-08-24 12:20:45.877293+00	Subtract Percent	1
3	2023-08-24 12:21:23.202229+00	2023-08-24 12:21:23.202241+00	Subtract sum	1
4	2023-08-24 12:27:50.170488+00	2023-08-24 12:27:50.1705+00	subtract if amount	1
5	2023-08-24 12:28:07.853698+00	2023-08-24 12:28:07.85371+00	subtract persent if amount	1
6	2023-08-24 12:29:00.3574+00	2023-08-24 12:29:00.35741+00	together cheaper	1
7	2023-08-24 12:30:34.680773+00	2023-08-24 12:30:34.680783+00	gift if sum gt	1
8	2023-08-24 12:30:54.762368+00	2023-08-24 12:30:54.76238+00	gift if amount gt	1
9	2023-08-24 12:31:06.784797+00	2023-08-24 12:31:06.784815+00	gift if	1
10	2023-08-24 12:31:45.968622+00	2023-08-24 12:31:45.968634+00	gift if buy	1
11	2023-08-24 12:32:59.320572+00	2023-08-24 12:32:59.320584+00	someone to free	1
\.


--
-- Data for Name: product_image; Type: TABLE DATA; Schema: public; Owner: Pavshop
--

COPY public.product_image (id, created_at, update_at, image, user_id, variant_id, is_main) FROM stdin;
4	2023-08-26 10:17:16.003268+00	2023-08-26 10:26:19.107642+00	blog_image/item-img-1-1_huD9hy4.jpg	1	1	t
5	2023-08-26 10:26:19.108439+00	2023-08-26 10:26:19.108447+00	blog_image/item-img-1-1-1.jpg	1	1	f
6	2023-08-26 10:34:48.020759+00	2023-08-26 10:34:48.020767+00	blog_image/item-img-1-1_43zCdb1.jpg	1	2	t
\.


--
-- Data for Name: product_product; Type: TABLE DATA; Schema: public; Owner: Pavshop
--

COPY public.product_product (id, created_at, update_at, title, slug, price, description, archive, publised_at, deleted_at, brand_id_id, collection_id_id, style_id_id, user_id, designer_id) FROM stdin;
2	2023-08-24 13:25:20.823629+00	2023-08-25 08:33:50.794568+00	Ahnenerbe	sofa-axe-1919	2990.00	Lorem ipsum dolor sit amet, consectetur adipiscing elit. Phasellus congue velit at elit maximus, vel dapibus dui vulputate. Aliquam tincidunt, justo at faucibus mattis, ex turpis placerat purus, ac blandit est nunc non magna. Ut fringilla enim magna, non suscipit diam iaculis eget. Nulla vel felis lectus. Vestibulum sagittis viverra lectus, id malesuada purus pellentesque ac. Cras sollicitudin, eros non scelerisque luctus, quam ex interdum lectus, sit amet congue est mi in sem. Proin porta sapien vitae congue tincidunt.	f	t	f	1	1	1	1	1
3	2023-08-26 09:46:32.449651+00	2023-08-26 09:46:32.449663+00	Decided 731	decided-731	1590.00	Lorem Ipsum is simply dummy text of the printing and typesetting industry. Lorem Ipsum has been the industry's standard dummy text ever since the 1500s, when an unknown printer took a galley of type and scrambled it to make a type specimen book. It has survived not only five centuries, but also the leap into electronic typesetting, remaining essentially unchanged. It was popularised in the 1960s with the release of Letraset sheets containing Lorem Ipsum passages, and more recently with desktop publishing software like Aldus PageMaker including versions of Lorem Ipsum.	f	t	f	2	2	2	1	1
\.


--
-- Data for Name: product_product_category_id; Type: TABLE DATA; Schema: public; Owner: Pavshop
--

COPY public.product_product_category_id (id, product_id, category_id) FROM stdin;
1	2	13
2	3	18
\.


--
-- Data for Name: product_product_parent; Type: TABLE DATA; Schema: public; Owner: Pavshop
--

COPY public.product_product_parent (id, from_product_id, to_product_id) FROM stdin;
\.


--
-- Data for Name: product_product_tag; Type: TABLE DATA; Schema: public; Owner: Pavshop
--

COPY public.product_product_tag (id, product_id, tag_id) FROM stdin;
1	2	1
2	3	2
3	3	4
\.


--
-- Data for Name: product_productreview; Type: TABLE DATA; Schema: public; Owner: Pavshop
--

COPY public.product_productreview (id, created_at, update_at, text, rating, published_at, deleted_at, product_id, user_id, review_id) FROM stdin;
1	2023-08-24 13:52:01.598121+00	2023-08-24 13:52:01.598141+00	Lorem ipsum dolor sit amet, consectetur adipiscing elit. Phasellus congue velit at elit maximus, vel dapibus dui vulputate. Aliquam tincidunt, justo at faucibus mattis, ex turpis placerat purus, ac blandit est nunc non magna. Ut fringilla enim magna, non suscipit diam iaculis eget. Nulla vel felis lectus. Vestibulum sagittis viverra lectus, id malesuada purus pellentesque ac. Cras sollicitudin, eros non scelerisque luctus, quam ex interdum lectus, sit amet congue est mi in sem. Proin porta sapien vitae congue tincidunt.	4.500	t	f	2	1	\N
\.


--
-- Data for Name: product_store; Type: TABLE DATA; Schema: public; Owner: Pavshop
--

COPY public.product_store (id, created_at, update_at, title, address, post, location, user_id, deleted_at) FROM stdin;
2	2023-08-24 12:50:43.184478+00	2023-08-24 12:50:43.184489+00	Pavshop	New York , Av. 5th, 225	101001	oops	1	f
\.


--
-- Data for Name: product_style; Type: TABLE DATA; Schema: public; Owner: Pavshop
--

COPY public.product_style (id, created_at, update_at, title, slug, user_id) FROM stdin;
1	2023-08-24 12:40:15.610243+00	2023-08-24 12:40:15.610258+00	Modern	modern	1
2	2023-08-24 12:40:28.858734+00	2023-08-24 12:40:28.858746+00	Gothic	gothic	1
3	2023-08-24 12:40:37.644692+00	2023-08-24 12:40:37.644707+00	Baroque	baroque	1
4	2023-08-24 12:40:44.036832+00	2023-08-24 12:40:44.036843+00	Rococo	rococo	1
5	2023-08-24 12:41:03.259357+00	2023-08-24 12:41:03.259367+00	Classic	classic	1
6	2023-08-24 12:41:14.23926+00	2023-08-24 12:41:14.239269+00	High tech	high-tech	1
7	2023-08-24 12:41:36.80424+00	2023-08-24 12:41:36.80425+00	Empire	empire	1
\.


--
-- Data for Name: product_tag; Type: TABLE DATA; Schema: public; Owner: Pavshop
--

COPY public.product_tag (id, created_at, update_at, title, user_id) FROM stdin;
1	2023-08-24 12:52:08.197261+00	2023-08-24 12:52:08.197277+00	cushioned furniture	1
2	2023-08-24 12:53:36.20964+00	2023-08-24 12:53:36.209652+00	in trend	1
3	2023-08-24 12:55:32.154285+00	2023-08-24 12:55:32.154297+00	natural materials	1
4	2023-08-24 12:56:12.022611+00	2023-08-24 12:56:12.022632+00	recycled materials	1
5	2023-08-24 12:57:10.997802+00	2023-08-24 12:57:10.997812+00	zero CO2 emission	1
\.


--
-- Data for Name: product_unit; Type: TABLE DATA; Schema: public; Owner: Pavshop
--

COPY public.product_unit (id, created_at, update_at, title, user_id) FROM stdin;
1	2023-08-24 12:47:50.375855+00	2023-08-24 12:47:50.375872+00	piece	1
2	2023-08-24 12:47:56.932322+00	2023-08-24 12:47:56.932332+00	set	1
\.


--
-- Data for Name: product_variant; Type: TABLE DATA; Schema: public; Owner: Pavshop
--

COPY public.product_variant (id, created_at, update_at, title, slug, price, color_id, product_id_id, unit_id, user_id, in_stock) FROM stdin;
1	2023-08-24 13:38:41.714714+00	2023-08-26 10:26:19.103512+00	Ahnenerbe double sofa	sofa-axe-1919-double-red	2990.00	5	2	1	1	f
2	2023-08-26 09:50:39.385184+00	2023-08-26 10:34:48.016725+00	Decided 731 (6 lamps)	decided-731-6-lamps	1590.00	1	3	1	1	f
\.


--
-- Data for Name: product_variant_discount_id; Type: TABLE DATA; Schema: public; Owner: Pavshop
--

COPY public.product_variant_discount_id (id, variant_id, discount_id) FROM stdin;
\.


--
-- Data for Name: product_variant_parent; Type: TABLE DATA; Schema: public; Owner: Pavshop
--

COPY public.product_variant_parent (id, from_variant_id, to_variant_id) FROM stdin;
\.


--
-- Data for Name: product_variant_tag; Type: TABLE DATA; Schema: public; Owner: Pavshop
--

COPY public.product_variant_tag (id, variant_id, tag_id) FROM stdin;
1	1	3
2	1	5
3	2	3
4	2	4
\.


--
-- Data for Name: product_varianttostore; Type: TABLE DATA; Schema: public; Owner: Pavshop
--

COPY public.product_varianttostore (id, created_at, update_at, quantity, store_id, variant_id) FROM stdin;
2	2023-08-26 07:35:02.220966+00	2023-08-26 07:35:02.220981+00	21	2	1
3	2023-08-26 09:50:56.709096+00	2023-08-26 10:02:21.378264+00	2	2	2
\.


--
-- Name: account_address_id_seq; Type: SEQUENCE SET; Schema: public; Owner: Pavshop
--

SELECT pg_catalog.setval('public.account_address_id_seq', 1, true);


--
-- Name: account_order_id_seq; Type: SEQUENCE SET; Schema: public; Owner: Pavshop
--

SELECT pg_catalog.setval('public.account_order_id_seq', 1, true);


--
-- Name: account_producttobasket_id_seq; Type: SEQUENCE SET; Schema: public; Owner: Pavshop
--

SELECT pg_catalog.setval('public.account_producttobasket_id_seq', 1, true);


--
-- Name: account_status_id_seq; Type: SEQUENCE SET; Schema: public; Owner: Pavshop
--

SELECT pg_catalog.setval('public.account_status_id_seq', 4, true);


--
-- Name: account_user_groups_id_seq; Type: SEQUENCE SET; Schema: public; Owner: Pavshop
--

SELECT pg_catalog.setval('public.account_user_groups_id_seq', 1, false);


--
-- Name: account_user_id_seq; Type: SEQUENCE SET; Schema: public; Owner: Pavshop
--

SELECT pg_catalog.setval('public.account_user_id_seq', 2, true);


--
-- Name: account_user_user_permissions_id_seq; Type: SEQUENCE SET; Schema: public; Owner: Pavshop
--

SELECT pg_catalog.setval('public.account_user_user_permissions_id_seq', 1, false);


--
-- Name: account_wishlist_id_seq; Type: SEQUENCE SET; Schema: public; Owner: Pavshop
--

SELECT pg_catalog.setval('public.account_wishlist_id_seq', 2, true);


--
-- Name: auth_group_id_seq; Type: SEQUENCE SET; Schema: public; Owner: Pavshop
--

SELECT pg_catalog.setval('public.auth_group_id_seq', 1, false);


--
-- Name: auth_group_permissions_id_seq; Type: SEQUENCE SET; Schema: public; Owner: Pavshop
--

SELECT pg_catalog.setval('public.auth_group_permissions_id_seq', 1, false);


--
-- Name: auth_permission_id_seq; Type: SEQUENCE SET; Schema: public; Owner: Pavshop
--

SELECT pg_catalog.setval('public.auth_permission_id_seq', 128, true);


--
-- Name: blog_post_category_id_seq; Type: SEQUENCE SET; Schema: public; Owner: Pavshop
--

SELECT pg_catalog.setval('public.blog_post_category_id_seq', 1, false);


--
-- Name: blog_post_id_seq; Type: SEQUENCE SET; Schema: public; Owner: Pavshop
--

SELECT pg_catalog.setval('public.blog_post_id_seq', 1, true);


--
-- Name: blog_post_image_id_seq; Type: SEQUENCE SET; Schema: public; Owner: Pavshop
--

SELECT pg_catalog.setval('public.blog_post_image_id_seq', 1, true);


--
-- Name: blog_post_product_id_seq; Type: SEQUENCE SET; Schema: public; Owner: Pavshop
--

SELECT pg_catalog.setval('public.blog_post_product_id_seq', 1, false);


--
-- Name: blog_post_tag_id_seq; Type: SEQUENCE SET; Schema: public; Owner: Pavshop
--

SELECT pg_catalog.setval('public.blog_post_tag_id_seq', 2, true);


--
-- Name: blog_postreview_id_seq; Type: SEQUENCE SET; Schema: public; Owner: Pavshop
--

SELECT pg_catalog.setval('public.blog_postreview_id_seq', 1, true);


--
-- Name: core_contact_id_seq; Type: SEQUENCE SET; Schema: public; Owner: Pavshop
--

SELECT pg_catalog.setval('public.core_contact_id_seq', 1, false);


--
-- Name: core_homeslider_id_seq; Type: SEQUENCE SET; Schema: public; Owner: Pavshop
--

SELECT pg_catalog.setval('public.core_homeslider_id_seq', 1, true);


--
-- Name: core_subscriber_id_seq; Type: SEQUENCE SET; Schema: public; Owner: Pavshop
--

SELECT pg_catalog.setval('public.core_subscriber_id_seq', 1, false);


--
-- Name: django_admin_log_id_seq; Type: SEQUENCE SET; Schema: public; Owner: Pavshop
--

SELECT pg_catalog.setval('public.django_admin_log_id_seq', 107, true);


--
-- Name: django_content_type_id_seq; Type: SEQUENCE SET; Schema: public; Owner: Pavshop
--

SELECT pg_catalog.setval('public.django_content_type_id_seq', 32, true);


--
-- Name: django_migrations_id_seq; Type: SEQUENCE SET; Schema: public; Owner: Pavshop
--

SELECT pg_catalog.setval('public.django_migrations_id_seq', 42, true);


--
-- Name: product_brand_id_seq; Type: SEQUENCE SET; Schema: public; Owner: Pavshop
--

SELECT pg_catalog.setval('public.product_brand_id_seq', 2, true);


--
-- Name: product_category_id_seq; Type: SEQUENCE SET; Schema: public; Owner: Pavshop
--

SELECT pg_catalog.setval('public.product_category_id_seq', 27, true);


--
-- Name: product_collection_id_seq; Type: SEQUENCE SET; Schema: public; Owner: Pavshop
--

SELECT pg_catalog.setval('public.product_collection_id_seq', 2, true);


--
-- Name: product_color_id_seq; Type: SEQUENCE SET; Schema: public; Owner: Pavshop
--

SELECT pg_catalog.setval('public.product_color_id_seq', 7, true);


--
-- Name: product_designer_id_seq; Type: SEQUENCE SET; Schema: public; Owner: Pavshop
--

SELECT pg_catalog.setval('public.product_designer_id_seq', 1, true);


--
-- Name: product_discount_id_seq; Type: SEQUENCE SET; Schema: public; Owner: Pavshop
--

SELECT pg_catalog.setval('public.product_discount_id_seq', 4, true);


--
-- Name: product_discounttype_id_seq; Type: SEQUENCE SET; Schema: public; Owner: Pavshop
--

SELECT pg_catalog.setval('public.product_discounttype_id_seq', 11, true);


--
-- Name: product_image_id_seq; Type: SEQUENCE SET; Schema: public; Owner: Pavshop
--

SELECT pg_catalog.setval('public.product_image_id_seq', 6, true);


--
-- Name: product_product_category_id_id_seq; Type: SEQUENCE SET; Schema: public; Owner: Pavshop
--

SELECT pg_catalog.setval('public.product_product_category_id_id_seq', 2, true);


--
-- Name: product_product_id_seq; Type: SEQUENCE SET; Schema: public; Owner: Pavshop
--

SELECT pg_catalog.setval('public.product_product_id_seq', 3, true);


--
-- Name: product_product_parent_id_seq; Type: SEQUENCE SET; Schema: public; Owner: Pavshop
--

SELECT pg_catalog.setval('public.product_product_parent_id_seq', 1, false);


--
-- Name: product_product_tag_id_seq; Type: SEQUENCE SET; Schema: public; Owner: Pavshop
--

SELECT pg_catalog.setval('public.product_product_tag_id_seq', 3, true);


--
-- Name: product_productreview_id_seq; Type: SEQUENCE SET; Schema: public; Owner: Pavshop
--

SELECT pg_catalog.setval('public.product_productreview_id_seq', 1, true);


--
-- Name: product_store_id_seq; Type: SEQUENCE SET; Schema: public; Owner: Pavshop
--

SELECT pg_catalog.setval('public.product_store_id_seq', 2, true);


--
-- Name: product_style_id_seq; Type: SEQUENCE SET; Schema: public; Owner: Pavshop
--

SELECT pg_catalog.setval('public.product_style_id_seq', 7, true);


--
-- Name: product_tag_id_seq; Type: SEQUENCE SET; Schema: public; Owner: Pavshop
--

SELECT pg_catalog.setval('public.product_tag_id_seq', 5, true);


--
-- Name: product_unit_id_seq; Type: SEQUENCE SET; Schema: public; Owner: Pavshop
--

SELECT pg_catalog.setval('public.product_unit_id_seq', 2, true);


--
-- Name: product_variant_discount_id_id_seq; Type: SEQUENCE SET; Schema: public; Owner: Pavshop
--

SELECT pg_catalog.setval('public.product_variant_discount_id_id_seq', 1, false);


--
-- Name: product_variant_id_seq; Type: SEQUENCE SET; Schema: public; Owner: Pavshop
--

SELECT pg_catalog.setval('public.product_variant_id_seq', 2, true);


--
-- Name: product_variant_parent_id_seq; Type: SEQUENCE SET; Schema: public; Owner: Pavshop
--

SELECT pg_catalog.setval('public.product_variant_parent_id_seq', 1, false);


--
-- Name: product_variant_tag_id_seq; Type: SEQUENCE SET; Schema: public; Owner: Pavshop
--

SELECT pg_catalog.setval('public.product_variant_tag_id_seq', 4, true);


--
-- Name: product_varianttostore_id_seq; Type: SEQUENCE SET; Schema: public; Owner: Pavshop
--

SELECT pg_catalog.setval('public.product_varianttostore_id_seq', 3, true);


--
-- Name: account_address account_address_pkey; Type: CONSTRAINT; Schema: public; Owner: Pavshop
--

ALTER TABLE ONLY public.account_address
    ADD CONSTRAINT account_address_pkey PRIMARY KEY (id);


--
-- Name: account_order account_order_pkey; Type: CONSTRAINT; Schema: public; Owner: Pavshop
--

ALTER TABLE ONLY public.account_order
    ADD CONSTRAINT account_order_pkey PRIMARY KEY (id);


--
-- Name: account_producttobasket account_producttobasket_pkey; Type: CONSTRAINT; Schema: public; Owner: Pavshop
--

ALTER TABLE ONLY public.account_producttobasket
    ADD CONSTRAINT account_producttobasket_pkey PRIMARY KEY (id);


--
-- Name: account_status account_status_pkey; Type: CONSTRAINT; Schema: public; Owner: Pavshop
--

ALTER TABLE ONLY public.account_status
    ADD CONSTRAINT account_status_pkey PRIMARY KEY (id);


--
-- Name: account_status account_status_title_key; Type: CONSTRAINT; Schema: public; Owner: Pavshop
--

ALTER TABLE ONLY public.account_status
    ADD CONSTRAINT account_status_title_key UNIQUE (title);


--
-- Name: account_user account_user_email_key; Type: CONSTRAINT; Schema: public; Owner: Pavshop
--

ALTER TABLE ONLY public.account_user
    ADD CONSTRAINT account_user_email_key UNIQUE (email);


--
-- Name: account_user_groups account_user_groups_pkey; Type: CONSTRAINT; Schema: public; Owner: Pavshop
--

ALTER TABLE ONLY public.account_user_groups
    ADD CONSTRAINT account_user_groups_pkey PRIMARY KEY (id);


--
-- Name: account_user_groups account_user_groups_user_id_group_id_4d09af3e_uniq; Type: CONSTRAINT; Schema: public; Owner: Pavshop
--

ALTER TABLE ONLY public.account_user_groups
    ADD CONSTRAINT account_user_groups_user_id_group_id_4d09af3e_uniq UNIQUE (user_id, group_id);


--
-- Name: account_user account_user_phone_key; Type: CONSTRAINT; Schema: public; Owner: Pavshop
--

ALTER TABLE ONLY public.account_user
    ADD CONSTRAINT account_user_phone_key UNIQUE (phone);


--
-- Name: account_user account_user_pkey; Type: CONSTRAINT; Schema: public; Owner: Pavshop
--

ALTER TABLE ONLY public.account_user
    ADD CONSTRAINT account_user_pkey PRIMARY KEY (id);


--
-- Name: account_user_user_permissions account_user_user_permis_user_id_permission_id_48bdd28b_uniq; Type: CONSTRAINT; Schema: public; Owner: Pavshop
--

ALTER TABLE ONLY public.account_user_user_permissions
    ADD CONSTRAINT account_user_user_permis_user_id_permission_id_48bdd28b_uniq UNIQUE (user_id, permission_id);


--
-- Name: account_user_user_permissions account_user_user_permissions_pkey; Type: CONSTRAINT; Schema: public; Owner: Pavshop
--

ALTER TABLE ONLY public.account_user_user_permissions
    ADD CONSTRAINT account_user_user_permissions_pkey PRIMARY KEY (id);


--
-- Name: account_user account_user_username_key; Type: CONSTRAINT; Schema: public; Owner: Pavshop
--

ALTER TABLE ONLY public.account_user
    ADD CONSTRAINT account_user_username_key UNIQUE (username);


--
-- Name: account_wishlist account_wishlist_pkey; Type: CONSTRAINT; Schema: public; Owner: Pavshop
--

ALTER TABLE ONLY public.account_wishlist
    ADD CONSTRAINT account_wishlist_pkey PRIMARY KEY (id);


--
-- Name: account_wishlist account_wishlist_user_id_variant_id_7cfbb110_uniq; Type: CONSTRAINT; Schema: public; Owner: Pavshop
--

ALTER TABLE ONLY public.account_wishlist
    ADD CONSTRAINT account_wishlist_user_id_variant_id_7cfbb110_uniq UNIQUE (user_id, variant_id);


--
-- Name: auth_group auth_group_name_key; Type: CONSTRAINT; Schema: public; Owner: Pavshop
--

ALTER TABLE ONLY public.auth_group
    ADD CONSTRAINT auth_group_name_key UNIQUE (name);


--
-- Name: auth_group_permissions auth_group_permissions_group_id_permission_id_0cd325b0_uniq; Type: CONSTRAINT; Schema: public; Owner: Pavshop
--

ALTER TABLE ONLY public.auth_group_permissions
    ADD CONSTRAINT auth_group_permissions_group_id_permission_id_0cd325b0_uniq UNIQUE (group_id, permission_id);


--
-- Name: auth_group_permissions auth_group_permissions_pkey; Type: CONSTRAINT; Schema: public; Owner: Pavshop
--

ALTER TABLE ONLY public.auth_group_permissions
    ADD CONSTRAINT auth_group_permissions_pkey PRIMARY KEY (id);


--
-- Name: auth_group auth_group_pkey; Type: CONSTRAINT; Schema: public; Owner: Pavshop
--

ALTER TABLE ONLY public.auth_group
    ADD CONSTRAINT auth_group_pkey PRIMARY KEY (id);


--
-- Name: auth_permission auth_permission_content_type_id_codename_01ab375a_uniq; Type: CONSTRAINT; Schema: public; Owner: Pavshop
--

ALTER TABLE ONLY public.auth_permission
    ADD CONSTRAINT auth_permission_content_type_id_codename_01ab375a_uniq UNIQUE (content_type_id, codename);


--
-- Name: auth_permission auth_permission_pkey; Type: CONSTRAINT; Schema: public; Owner: Pavshop
--

ALTER TABLE ONLY public.auth_permission
    ADD CONSTRAINT auth_permission_pkey PRIMARY KEY (id);


--
-- Name: blog_post_category blog_post_category_pkey; Type: CONSTRAINT; Schema: public; Owner: Pavshop
--

ALTER TABLE ONLY public.blog_post_category
    ADD CONSTRAINT blog_post_category_pkey PRIMARY KEY (id);


--
-- Name: blog_post_category blog_post_category_post_id_category_id_189979f4_uniq; Type: CONSTRAINT; Schema: public; Owner: Pavshop
--

ALTER TABLE ONLY public.blog_post_category
    ADD CONSTRAINT blog_post_category_post_id_category_id_189979f4_uniq UNIQUE (post_id, category_id);


--
-- Name: blog_post_image blog_post_image_pkey; Type: CONSTRAINT; Schema: public; Owner: Pavshop
--

ALTER TABLE ONLY public.blog_post_image
    ADD CONSTRAINT blog_post_image_pkey PRIMARY KEY (id);


--
-- Name: blog_post_image blog_post_image_post_id_image_id_7be353dd_uniq; Type: CONSTRAINT; Schema: public; Owner: Pavshop
--

ALTER TABLE ONLY public.blog_post_image
    ADD CONSTRAINT blog_post_image_post_id_image_id_7be353dd_uniq UNIQUE (post_id, image_id);


--
-- Name: blog_post blog_post_pkey; Type: CONSTRAINT; Schema: public; Owner: Pavshop
--

ALTER TABLE ONLY public.blog_post
    ADD CONSTRAINT blog_post_pkey PRIMARY KEY (id);


--
-- Name: blog_post_product blog_post_product_pkey; Type: CONSTRAINT; Schema: public; Owner: Pavshop
--

ALTER TABLE ONLY public.blog_post_product
    ADD CONSTRAINT blog_post_product_pkey PRIMARY KEY (id);


--
-- Name: blog_post_product blog_post_product_post_id_product_id_6c2b9857_uniq; Type: CONSTRAINT; Schema: public; Owner: Pavshop
--

ALTER TABLE ONLY public.blog_post_product
    ADD CONSTRAINT blog_post_product_post_id_product_id_6c2b9857_uniq UNIQUE (post_id, product_id);


--
-- Name: blog_post blog_post_slug_key; Type: CONSTRAINT; Schema: public; Owner: Pavshop
--

ALTER TABLE ONLY public.blog_post
    ADD CONSTRAINT blog_post_slug_key UNIQUE (slug);


--
-- Name: blog_post_tag blog_post_tag_pkey; Type: CONSTRAINT; Schema: public; Owner: Pavshop
--

ALTER TABLE ONLY public.blog_post_tag
    ADD CONSTRAINT blog_post_tag_pkey PRIMARY KEY (id);


--
-- Name: blog_post_tag blog_post_tag_post_id_tag_id_ba2a5f83_uniq; Type: CONSTRAINT; Schema: public; Owner: Pavshop
--

ALTER TABLE ONLY public.blog_post_tag
    ADD CONSTRAINT blog_post_tag_post_id_tag_id_ba2a5f83_uniq UNIQUE (post_id, tag_id);


--
-- Name: blog_post blog_post_title_key; Type: CONSTRAINT; Schema: public; Owner: Pavshop
--

ALTER TABLE ONLY public.blog_post
    ADD CONSTRAINT blog_post_title_key UNIQUE (title);


--
-- Name: blog_postreview blog_postreview_pkey; Type: CONSTRAINT; Schema: public; Owner: Pavshop
--

ALTER TABLE ONLY public.blog_postreview
    ADD CONSTRAINT blog_postreview_pkey PRIMARY KEY (id);


--
-- Name: core_contact core_contact_phone_key; Type: CONSTRAINT; Schema: public; Owner: Pavshop
--

ALTER TABLE ONLY public.core_contact
    ADD CONSTRAINT core_contact_phone_key UNIQUE (phone);


--
-- Name: core_contact core_contact_pkey; Type: CONSTRAINT; Schema: public; Owner: Pavshop
--

ALTER TABLE ONLY public.core_contact
    ADD CONSTRAINT core_contact_pkey PRIMARY KEY (id);


--
-- Name: core_homeslider core_homeslider_pkey; Type: CONSTRAINT; Schema: public; Owner: Pavshop
--

ALTER TABLE ONLY public.core_homeslider
    ADD CONSTRAINT core_homeslider_pkey PRIMARY KEY (id);


--
-- Name: core_homeslider core_homeslider_title_key; Type: CONSTRAINT; Schema: public; Owner: Pavshop
--

ALTER TABLE ONLY public.core_homeslider
    ADD CONSTRAINT core_homeslider_title_key UNIQUE (title);


--
-- Name: core_subscriber core_subscriber_email_key; Type: CONSTRAINT; Schema: public; Owner: Pavshop
--

ALTER TABLE ONLY public.core_subscriber
    ADD CONSTRAINT core_subscriber_email_key UNIQUE (email);


--
-- Name: core_subscriber core_subscriber_pkey; Type: CONSTRAINT; Schema: public; Owner: Pavshop
--

ALTER TABLE ONLY public.core_subscriber
    ADD CONSTRAINT core_subscriber_pkey PRIMARY KEY (id);


--
-- Name: django_admin_log django_admin_log_pkey; Type: CONSTRAINT; Schema: public; Owner: Pavshop
--

ALTER TABLE ONLY public.django_admin_log
    ADD CONSTRAINT django_admin_log_pkey PRIMARY KEY (id);


--
-- Name: django_content_type django_content_type_app_label_model_76bd3d3b_uniq; Type: CONSTRAINT; Schema: public; Owner: Pavshop
--

ALTER TABLE ONLY public.django_content_type
    ADD CONSTRAINT django_content_type_app_label_model_76bd3d3b_uniq UNIQUE (app_label, model);


--
-- Name: django_content_type django_content_type_pkey; Type: CONSTRAINT; Schema: public; Owner: Pavshop
--

ALTER TABLE ONLY public.django_content_type
    ADD CONSTRAINT django_content_type_pkey PRIMARY KEY (id);


--
-- Name: django_migrations django_migrations_pkey; Type: CONSTRAINT; Schema: public; Owner: Pavshop
--

ALTER TABLE ONLY public.django_migrations
    ADD CONSTRAINT django_migrations_pkey PRIMARY KEY (id);


--
-- Name: django_session django_session_pkey; Type: CONSTRAINT; Schema: public; Owner: Pavshop
--

ALTER TABLE ONLY public.django_session
    ADD CONSTRAINT django_session_pkey PRIMARY KEY (session_key);


--
-- Name: product_brand product_brand_pkey; Type: CONSTRAINT; Schema: public; Owner: Pavshop
--

ALTER TABLE ONLY public.product_brand
    ADD CONSTRAINT product_brand_pkey PRIMARY KEY (id);


--
-- Name: product_brand product_brand_slug_key; Type: CONSTRAINT; Schema: public; Owner: Pavshop
--

ALTER TABLE ONLY public.product_brand
    ADD CONSTRAINT product_brand_slug_key UNIQUE (slug);


--
-- Name: product_brand product_brand_title_key; Type: CONSTRAINT; Schema: public; Owner: Pavshop
--

ALTER TABLE ONLY public.product_brand
    ADD CONSTRAINT product_brand_title_key UNIQUE (title);


--
-- Name: product_category product_category_pkey; Type: CONSTRAINT; Schema: public; Owner: Pavshop
--

ALTER TABLE ONLY public.product_category
    ADD CONSTRAINT product_category_pkey PRIMARY KEY (id);


--
-- Name: product_category product_category_slug_key; Type: CONSTRAINT; Schema: public; Owner: Pavshop
--

ALTER TABLE ONLY public.product_category
    ADD CONSTRAINT product_category_slug_key UNIQUE (slug);


--
-- Name: product_category product_category_title_parent_id_6c3691cc_uniq; Type: CONSTRAINT; Schema: public; Owner: Pavshop
--

ALTER TABLE ONLY public.product_category
    ADD CONSTRAINT product_category_title_parent_id_6c3691cc_uniq UNIQUE (title, parent_id);


--
-- Name: product_collection product_collection_pkey; Type: CONSTRAINT; Schema: public; Owner: Pavshop
--

ALTER TABLE ONLY public.product_collection
    ADD CONSTRAINT product_collection_pkey PRIMARY KEY (id);


--
-- Name: product_collection product_collection_slug_key; Type: CONSTRAINT; Schema: public; Owner: Pavshop
--

ALTER TABLE ONLY public.product_collection
    ADD CONSTRAINT product_collection_slug_key UNIQUE (slug);


--
-- Name: product_collection product_collection_title_brand_id_id_66e53f0d_uniq; Type: CONSTRAINT; Schema: public; Owner: Pavshop
--

ALTER TABLE ONLY public.product_collection
    ADD CONSTRAINT product_collection_title_brand_id_id_66e53f0d_uniq UNIQUE (title, brand_id_id);


--
-- Name: product_color product_color_pkey; Type: CONSTRAINT; Schema: public; Owner: Pavshop
--

ALTER TABLE ONLY public.product_color
    ADD CONSTRAINT product_color_pkey PRIMARY KEY (id);


--
-- Name: product_color product_color_slug_key; Type: CONSTRAINT; Schema: public; Owner: Pavshop
--

ALTER TABLE ONLY public.product_color
    ADD CONSTRAINT product_color_slug_key UNIQUE (slug);


--
-- Name: product_color product_color_title_key; Type: CONSTRAINT; Schema: public; Owner: Pavshop
--

ALTER TABLE ONLY public.product_color
    ADD CONSTRAINT product_color_title_key UNIQUE (title);


--
-- Name: product_designer product_designer_name_key; Type: CONSTRAINT; Schema: public; Owner: Pavshop
--

ALTER TABLE ONLY public.product_designer
    ADD CONSTRAINT product_designer_name_key UNIQUE (name);


--
-- Name: product_designer product_designer_pkey; Type: CONSTRAINT; Schema: public; Owner: Pavshop
--

ALTER TABLE ONLY public.product_designer
    ADD CONSTRAINT product_designer_pkey PRIMARY KEY (id);


--
-- Name: product_designer product_designer_slug_key; Type: CONSTRAINT; Schema: public; Owner: Pavshop
--

ALTER TABLE ONLY public.product_designer
    ADD CONSTRAINT product_designer_slug_key UNIQUE (slug);


--
-- Name: product_discount product_discount_code_key; Type: CONSTRAINT; Schema: public; Owner: Pavshop
--

ALTER TABLE ONLY public.product_discount
    ADD CONSTRAINT product_discount_code_key UNIQUE (code);


--
-- Name: product_discount product_discount_pkey; Type: CONSTRAINT; Schema: public; Owner: Pavshop
--

ALTER TABLE ONLY public.product_discount
    ADD CONSTRAINT product_discount_pkey PRIMARY KEY (id);


--
-- Name: product_discount product_discount_title_key; Type: CONSTRAINT; Schema: public; Owner: Pavshop
--

ALTER TABLE ONLY public.product_discount
    ADD CONSTRAINT product_discount_title_key UNIQUE (title);


--
-- Name: product_discounttype product_discounttype_pkey; Type: CONSTRAINT; Schema: public; Owner: Pavshop
--

ALTER TABLE ONLY public.product_discounttype
    ADD CONSTRAINT product_discounttype_pkey PRIMARY KEY (id);


--
-- Name: product_discounttype product_discounttype_title_key; Type: CONSTRAINT; Schema: public; Owner: Pavshop
--

ALTER TABLE ONLY public.product_discounttype
    ADD CONSTRAINT product_discounttype_title_key UNIQUE (title);


--
-- Name: product_image product_image_pkey; Type: CONSTRAINT; Schema: public; Owner: Pavshop
--

ALTER TABLE ONLY public.product_image
    ADD CONSTRAINT product_image_pkey PRIMARY KEY (id);


--
-- Name: product_product_category_id product_product_category_id_pkey; Type: CONSTRAINT; Schema: public; Owner: Pavshop
--

ALTER TABLE ONLY public.product_product_category_id
    ADD CONSTRAINT product_product_category_id_pkey PRIMARY KEY (id);


--
-- Name: product_product_category_id product_product_category_product_id_category_id_6dccb2ff_uniq; Type: CONSTRAINT; Schema: public; Owner: Pavshop
--

ALTER TABLE ONLY public.product_product_category_id
    ADD CONSTRAINT product_product_category_product_id_category_id_6dccb2ff_uniq UNIQUE (product_id, category_id);


--
-- Name: product_product_parent product_product_parent_from_product_id_to_produ_c20788b9_uniq; Type: CONSTRAINT; Schema: public; Owner: Pavshop
--

ALTER TABLE ONLY public.product_product_parent
    ADD CONSTRAINT product_product_parent_from_product_id_to_produ_c20788b9_uniq UNIQUE (from_product_id, to_product_id);


--
-- Name: product_product_parent product_product_parent_pkey; Type: CONSTRAINT; Schema: public; Owner: Pavshop
--

ALTER TABLE ONLY public.product_product_parent
    ADD CONSTRAINT product_product_parent_pkey PRIMARY KEY (id);


--
-- Name: product_product product_product_pkey; Type: CONSTRAINT; Schema: public; Owner: Pavshop
--

ALTER TABLE ONLY public.product_product
    ADD CONSTRAINT product_product_pkey PRIMARY KEY (id);


--
-- Name: product_product product_product_slug_key; Type: CONSTRAINT; Schema: public; Owner: Pavshop
--

ALTER TABLE ONLY public.product_product
    ADD CONSTRAINT product_product_slug_key UNIQUE (slug);


--
-- Name: product_product_tag product_product_tag_pkey; Type: CONSTRAINT; Schema: public; Owner: Pavshop
--

ALTER TABLE ONLY public.product_product_tag
    ADD CONSTRAINT product_product_tag_pkey PRIMARY KEY (id);


--
-- Name: product_product_tag product_product_tag_product_id_tag_id_c15ed811_uniq; Type: CONSTRAINT; Schema: public; Owner: Pavshop
--

ALTER TABLE ONLY public.product_product_tag
    ADD CONSTRAINT product_product_tag_product_id_tag_id_c15ed811_uniq UNIQUE (product_id, tag_id);


--
-- Name: product_product product_product_title_key; Type: CONSTRAINT; Schema: public; Owner: Pavshop
--

ALTER TABLE ONLY public.product_product
    ADD CONSTRAINT product_product_title_key UNIQUE (title);


--
-- Name: product_productreview product_productreview_pkey; Type: CONSTRAINT; Schema: public; Owner: Pavshop
--

ALTER TABLE ONLY public.product_productreview
    ADD CONSTRAINT product_productreview_pkey PRIMARY KEY (id);


--
-- Name: product_store product_store_address_key; Type: CONSTRAINT; Schema: public; Owner: Pavshop
--

ALTER TABLE ONLY public.product_store
    ADD CONSTRAINT product_store_address_key UNIQUE (address);


--
-- Name: product_store product_store_location_key; Type: CONSTRAINT; Schema: public; Owner: Pavshop
--

ALTER TABLE ONLY public.product_store
    ADD CONSTRAINT product_store_location_key UNIQUE (location);


--
-- Name: product_store product_store_pkey; Type: CONSTRAINT; Schema: public; Owner: Pavshop
--

ALTER TABLE ONLY public.product_store
    ADD CONSTRAINT product_store_pkey PRIMARY KEY (id);


--
-- Name: product_store product_store_title_key; Type: CONSTRAINT; Schema: public; Owner: Pavshop
--

ALTER TABLE ONLY public.product_store
    ADD CONSTRAINT product_store_title_key UNIQUE (title);


--
-- Name: product_style product_style_pkey; Type: CONSTRAINT; Schema: public; Owner: Pavshop
--

ALTER TABLE ONLY public.product_style
    ADD CONSTRAINT product_style_pkey PRIMARY KEY (id);


--
-- Name: product_style product_style_slug_key; Type: CONSTRAINT; Schema: public; Owner: Pavshop
--

ALTER TABLE ONLY public.product_style
    ADD CONSTRAINT product_style_slug_key UNIQUE (slug);


--
-- Name: product_style product_style_title_key; Type: CONSTRAINT; Schema: public; Owner: Pavshop
--

ALTER TABLE ONLY public.product_style
    ADD CONSTRAINT product_style_title_key UNIQUE (title);


--
-- Name: product_tag product_tag_pkey; Type: CONSTRAINT; Schema: public; Owner: Pavshop
--

ALTER TABLE ONLY public.product_tag
    ADD CONSTRAINT product_tag_pkey PRIMARY KEY (id);


--
-- Name: product_tag product_tag_title_key; Type: CONSTRAINT; Schema: public; Owner: Pavshop
--

ALTER TABLE ONLY public.product_tag
    ADD CONSTRAINT product_tag_title_key UNIQUE (title);


--
-- Name: product_unit product_unit_pkey; Type: CONSTRAINT; Schema: public; Owner: Pavshop
--

ALTER TABLE ONLY public.product_unit
    ADD CONSTRAINT product_unit_pkey PRIMARY KEY (id);


--
-- Name: product_unit product_unit_title_key; Type: CONSTRAINT; Schema: public; Owner: Pavshop
--

ALTER TABLE ONLY public.product_unit
    ADD CONSTRAINT product_unit_title_key UNIQUE (title);


--
-- Name: product_variant_discount_id product_variant_discount_id_pkey; Type: CONSTRAINT; Schema: public; Owner: Pavshop
--

ALTER TABLE ONLY public.product_variant_discount_id
    ADD CONSTRAINT product_variant_discount_id_pkey PRIMARY KEY (id);


--
-- Name: product_variant_discount_id product_variant_discount_variant_id_discount_id_430be1e9_uniq; Type: CONSTRAINT; Schema: public; Owner: Pavshop
--

ALTER TABLE ONLY public.product_variant_discount_id
    ADD CONSTRAINT product_variant_discount_variant_id_discount_id_430be1e9_uniq UNIQUE (variant_id, discount_id);


--
-- Name: product_variant_parent product_variant_parent_from_variant_id_to_varia_0ab2b517_uniq; Type: CONSTRAINT; Schema: public; Owner: Pavshop
--

ALTER TABLE ONLY public.product_variant_parent
    ADD CONSTRAINT product_variant_parent_from_variant_id_to_varia_0ab2b517_uniq UNIQUE (from_variant_id, to_variant_id);


--
-- Name: product_variant_parent product_variant_parent_pkey; Type: CONSTRAINT; Schema: public; Owner: Pavshop
--

ALTER TABLE ONLY public.product_variant_parent
    ADD CONSTRAINT product_variant_parent_pkey PRIMARY KEY (id);


--
-- Name: product_variant product_variant_pkey; Type: CONSTRAINT; Schema: public; Owner: Pavshop
--

ALTER TABLE ONLY public.product_variant
    ADD CONSTRAINT product_variant_pkey PRIMARY KEY (id);


--
-- Name: product_variant product_variant_slug_key; Type: CONSTRAINT; Schema: public; Owner: Pavshop
--

ALTER TABLE ONLY public.product_variant
    ADD CONSTRAINT product_variant_slug_key UNIQUE (slug);


--
-- Name: product_variant_tag product_variant_tag_pkey; Type: CONSTRAINT; Schema: public; Owner: Pavshop
--

ALTER TABLE ONLY public.product_variant_tag
    ADD CONSTRAINT product_variant_tag_pkey PRIMARY KEY (id);


--
-- Name: product_variant_tag product_variant_tag_variant_id_tag_id_8fd6a979_uniq; Type: CONSTRAINT; Schema: public; Owner: Pavshop
--

ALTER TABLE ONLY public.product_variant_tag
    ADD CONSTRAINT product_variant_tag_variant_id_tag_id_8fd6a979_uniq UNIQUE (variant_id, tag_id);


--
-- Name: product_variant product_variant_title_key; Type: CONSTRAINT; Schema: public; Owner: Pavshop
--

ALTER TABLE ONLY public.product_variant
    ADD CONSTRAINT product_variant_title_key UNIQUE (title);


--
-- Name: product_varianttostore product_varianttostore_pkey; Type: CONSTRAINT; Schema: public; Owner: Pavshop
--

ALTER TABLE ONLY public.product_varianttostore
    ADD CONSTRAINT product_varianttostore_pkey PRIMARY KEY (id);


--
-- Name: product_varianttostore product_varianttostore_variant_id_store_id_ab12fc4c_uniq; Type: CONSTRAINT; Schema: public; Owner: Pavshop
--

ALTER TABLE ONLY public.product_varianttostore
    ADD CONSTRAINT product_varianttostore_variant_id_store_id_ab12fc4c_uniq UNIQUE (variant_id, store_id);


--
-- Name: account_address_user_id_a1553eba; Type: INDEX; Schema: public; Owner: Pavshop
--

CREATE INDEX account_address_user_id_a1553eba ON public.account_address USING btree (user_id);


--
-- Name: account_order_address_id_03bdd96e; Type: INDEX; Schema: public; Owner: Pavshop
--

CREATE INDEX account_order_address_id_03bdd96e ON public.account_order USING btree (address_id);


--
-- Name: account_order_status_id_8344ce53; Type: INDEX; Schema: public; Owner: Pavshop
--

CREATE INDEX account_order_status_id_8344ce53 ON public.account_order USING btree (status_id);


--
-- Name: account_order_user_id_030a18b5; Type: INDEX; Schema: public; Owner: Pavshop
--

CREATE INDEX account_order_user_id_030a18b5 ON public.account_order USING btree (user_id);


--
-- Name: account_producttobasket_discount_id_id_7ca8ffab; Type: INDEX; Schema: public; Owner: Pavshop
--

CREATE INDEX account_producttobasket_discount_id_id_7ca8ffab ON public.account_producttobasket USING btree (discount_id_id);


--
-- Name: account_producttobasket_order_id_8c48ca05; Type: INDEX; Schema: public; Owner: Pavshop
--

CREATE INDEX account_producttobasket_order_id_8c48ca05 ON public.account_producttobasket USING btree (order_id);


--
-- Name: account_producttobasket_user_id_f289fe5c; Type: INDEX; Schema: public; Owner: Pavshop
--

CREATE INDEX account_producttobasket_user_id_f289fe5c ON public.account_producttobasket USING btree (user_id);


--
-- Name: account_producttobasket_variant_id_4eb208ec; Type: INDEX; Schema: public; Owner: Pavshop
--

CREATE INDEX account_producttobasket_variant_id_4eb208ec ON public.account_producttobasket USING btree (variant_id);


--
-- Name: account_status_title_e0c3c02d_like; Type: INDEX; Schema: public; Owner: Pavshop
--

CREATE INDEX account_status_title_e0c3c02d_like ON public.account_status USING btree (title varchar_pattern_ops);


--
-- Name: account_status_user_id_9b175bb1; Type: INDEX; Schema: public; Owner: Pavshop
--

CREATE INDEX account_status_user_id_9b175bb1 ON public.account_status USING btree (user_id);


--
-- Name: account_user_email_0bd7c421_like; Type: INDEX; Schema: public; Owner: Pavshop
--

CREATE INDEX account_user_email_0bd7c421_like ON public.account_user USING btree (email varchar_pattern_ops);


--
-- Name: account_user_groups_group_id_6c71f749; Type: INDEX; Schema: public; Owner: Pavshop
--

CREATE INDEX account_user_groups_group_id_6c71f749 ON public.account_user_groups USING btree (group_id);


--
-- Name: account_user_groups_user_id_14345e7b; Type: INDEX; Schema: public; Owner: Pavshop
--

CREATE INDEX account_user_groups_user_id_14345e7b ON public.account_user_groups USING btree (user_id);


--
-- Name: account_user_phone_1704cc19_like; Type: INDEX; Schema: public; Owner: Pavshop
--

CREATE INDEX account_user_phone_1704cc19_like ON public.account_user USING btree (phone varchar_pattern_ops);


--
-- Name: account_user_user_permissions_permission_id_66c44191; Type: INDEX; Schema: public; Owner: Pavshop
--

CREATE INDEX account_user_user_permissions_permission_id_66c44191 ON public.account_user_user_permissions USING btree (permission_id);


--
-- Name: account_user_user_permissions_user_id_cc42d270; Type: INDEX; Schema: public; Owner: Pavshop
--

CREATE INDEX account_user_user_permissions_user_id_cc42d270 ON public.account_user_user_permissions USING btree (user_id);


--
-- Name: account_user_username_d393f583_like; Type: INDEX; Schema: public; Owner: Pavshop
--

CREATE INDEX account_user_username_d393f583_like ON public.account_user USING btree (username varchar_pattern_ops);


--
-- Name: account_wishlist_deleted_at_9df13871; Type: INDEX; Schema: public; Owner: Pavshop
--

CREATE INDEX account_wishlist_deleted_at_9df13871 ON public.account_wishlist USING btree (deleted_at);


--
-- Name: account_wishlist_user_id_764406d0; Type: INDEX; Schema: public; Owner: Pavshop
--

CREATE INDEX account_wishlist_user_id_764406d0 ON public.account_wishlist USING btree (user_id);


--
-- Name: account_wishlist_variant_id_e1dfcd6a; Type: INDEX; Schema: public; Owner: Pavshop
--

CREATE INDEX account_wishlist_variant_id_e1dfcd6a ON public.account_wishlist USING btree (variant_id);


--
-- Name: auth_group_name_a6ea08ec_like; Type: INDEX; Schema: public; Owner: Pavshop
--

CREATE INDEX auth_group_name_a6ea08ec_like ON public.auth_group USING btree (name varchar_pattern_ops);


--
-- Name: auth_group_permissions_group_id_b120cbf9; Type: INDEX; Schema: public; Owner: Pavshop
--

CREATE INDEX auth_group_permissions_group_id_b120cbf9 ON public.auth_group_permissions USING btree (group_id);


--
-- Name: auth_group_permissions_permission_id_84c5c92e; Type: INDEX; Schema: public; Owner: Pavshop
--

CREATE INDEX auth_group_permissions_permission_id_84c5c92e ON public.auth_group_permissions USING btree (permission_id);


--
-- Name: auth_permission_content_type_id_2f476e4b; Type: INDEX; Schema: public; Owner: Pavshop
--

CREATE INDEX auth_permission_content_type_id_2f476e4b ON public.auth_permission USING btree (content_type_id);


--
-- Name: blog_post_author_id_dd7a8485; Type: INDEX; Schema: public; Owner: Pavshop
--

CREATE INDEX blog_post_author_id_dd7a8485 ON public.blog_post USING btree (author_id);


--
-- Name: blog_post_category_category_id_e1f613f9; Type: INDEX; Schema: public; Owner: Pavshop
--

CREATE INDEX blog_post_category_category_id_e1f613f9 ON public.blog_post_category USING btree (category_id);


--
-- Name: blog_post_category_post_id_d7c84b08; Type: INDEX; Schema: public; Owner: Pavshop
--

CREATE INDEX blog_post_category_post_id_d7c84b08 ON public.blog_post_category USING btree (post_id);


--
-- Name: blog_post_image_image_id_f22c586d; Type: INDEX; Schema: public; Owner: Pavshop
--

CREATE INDEX blog_post_image_image_id_f22c586d ON public.blog_post_image USING btree (image_id);


--
-- Name: blog_post_image_post_id_f886c1f9; Type: INDEX; Schema: public; Owner: Pavshop
--

CREATE INDEX blog_post_image_post_id_f886c1f9 ON public.blog_post_image USING btree (post_id);


--
-- Name: blog_post_product_post_id_bcb9a0a2; Type: INDEX; Schema: public; Owner: Pavshop
--

CREATE INDEX blog_post_product_post_id_bcb9a0a2 ON public.blog_post_product USING btree (post_id);


--
-- Name: blog_post_product_product_id_81f0bbea; Type: INDEX; Schema: public; Owner: Pavshop
--

CREATE INDEX blog_post_product_product_id_81f0bbea ON public.blog_post_product USING btree (product_id);


--
-- Name: blog_post_slug_b95473f2_like; Type: INDEX; Schema: public; Owner: Pavshop
--

CREATE INDEX blog_post_slug_b95473f2_like ON public.blog_post USING btree (slug varchar_pattern_ops);


--
-- Name: blog_post_tag_post_id_a5c00319; Type: INDEX; Schema: public; Owner: Pavshop
--

CREATE INDEX blog_post_tag_post_id_a5c00319 ON public.blog_post_tag USING btree (post_id);


--
-- Name: blog_post_tag_tag_id_2bbd31e4; Type: INDEX; Schema: public; Owner: Pavshop
--

CREATE INDEX blog_post_tag_tag_id_2bbd31e4 ON public.blog_post_tag USING btree (tag_id);


--
-- Name: blog_post_title_adf2f203_like; Type: INDEX; Schema: public; Owner: Pavshop
--

CREATE INDEX blog_post_title_adf2f203_like ON public.blog_post USING btree (title varchar_pattern_ops);


--
-- Name: blog_postreview_post_id_55b717f8; Type: INDEX; Schema: public; Owner: Pavshop
--

CREATE INDEX blog_postreview_post_id_55b717f8 ON public.blog_postreview USING btree (post_id);


--
-- Name: blog_postreview_review_id_9e2ce36b; Type: INDEX; Schema: public; Owner: Pavshop
--

CREATE INDEX blog_postreview_review_id_9e2ce36b ON public.blog_postreview USING btree (review_id);


--
-- Name: blog_postreview_user_id_09d3d5d4; Type: INDEX; Schema: public; Owner: Pavshop
--

CREATE INDEX blog_postreview_user_id_09d3d5d4 ON public.blog_postreview USING btree (user_id);


--
-- Name: core_contact_phone_0e4c5968_like; Type: INDEX; Schema: public; Owner: Pavshop
--

CREATE INDEX core_contact_phone_0e4c5968_like ON public.core_contact USING btree (phone varchar_pattern_ops);


--
-- Name: core_contact_user_id_2570c512; Type: INDEX; Schema: public; Owner: Pavshop
--

CREATE INDEX core_contact_user_id_2570c512 ON public.core_contact USING btree (user_id);


--
-- Name: core_homeslider_title_58d06f7b_like; Type: INDEX; Schema: public; Owner: Pavshop
--

CREATE INDEX core_homeslider_title_58d06f7b_like ON public.core_homeslider USING btree (title varchar_pattern_ops);


--
-- Name: core_homeslider_user_id_fc4a0333; Type: INDEX; Schema: public; Owner: Pavshop
--

CREATE INDEX core_homeslider_user_id_fc4a0333 ON public.core_homeslider USING btree (user_id);


--
-- Name: core_homeslider_variant_id_ba37f483; Type: INDEX; Schema: public; Owner: Pavshop
--

CREATE INDEX core_homeslider_variant_id_ba37f483 ON public.core_homeslider USING btree (variant_id);


--
-- Name: core_subscriber_email_849f4829_like; Type: INDEX; Schema: public; Owner: Pavshop
--

CREATE INDEX core_subscriber_email_849f4829_like ON public.core_subscriber USING btree (email varchar_pattern_ops);


--
-- Name: django_admin_log_content_type_id_c4bce8eb; Type: INDEX; Schema: public; Owner: Pavshop
--

CREATE INDEX django_admin_log_content_type_id_c4bce8eb ON public.django_admin_log USING btree (content_type_id);


--
-- Name: django_admin_log_user_id_c564eba6; Type: INDEX; Schema: public; Owner: Pavshop
--

CREATE INDEX django_admin_log_user_id_c564eba6 ON public.django_admin_log USING btree (user_id);


--
-- Name: django_session_expire_date_a5c62663; Type: INDEX; Schema: public; Owner: Pavshop
--

CREATE INDEX django_session_expire_date_a5c62663 ON public.django_session USING btree (expire_date);


--
-- Name: django_session_session_key_c0390e0f_like; Type: INDEX; Schema: public; Owner: Pavshop
--

CREATE INDEX django_session_session_key_c0390e0f_like ON public.django_session USING btree (session_key varchar_pattern_ops);


--
-- Name: product_brand_slug_1102605f_like; Type: INDEX; Schema: public; Owner: Pavshop
--

CREATE INDEX product_brand_slug_1102605f_like ON public.product_brand USING btree (slug varchar_pattern_ops);


--
-- Name: product_brand_title_7c163cd8_like; Type: INDEX; Schema: public; Owner: Pavshop
--

CREATE INDEX product_brand_title_7c163cd8_like ON public.product_brand USING btree (title varchar_pattern_ops);


--
-- Name: product_brand_user_id_7be1212b; Type: INDEX; Schema: public; Owner: Pavshop
--

CREATE INDEX product_brand_user_id_7be1212b ON public.product_brand USING btree (user_id);


--
-- Name: product_category_parent_id_f6860923; Type: INDEX; Schema: public; Owner: Pavshop
--

CREATE INDEX product_category_parent_id_f6860923 ON public.product_category USING btree (parent_id);


--
-- Name: product_category_slug_e1f8ccc4_like; Type: INDEX; Schema: public; Owner: Pavshop
--

CREATE INDEX product_category_slug_e1f8ccc4_like ON public.product_category USING btree (slug varchar_pattern_ops);


--
-- Name: product_category_title_5d041153; Type: INDEX; Schema: public; Owner: Pavshop
--

CREATE INDEX product_category_title_5d041153 ON public.product_category USING btree (title);


--
-- Name: product_category_title_5d041153_like; Type: INDEX; Schema: public; Owner: Pavshop
--

CREATE INDEX product_category_title_5d041153_like ON public.product_category USING btree (title varchar_pattern_ops);


--
-- Name: product_category_user_id_6d9b2d35; Type: INDEX; Schema: public; Owner: Pavshop
--

CREATE INDEX product_category_user_id_6d9b2d35 ON public.product_category USING btree (user_id);


--
-- Name: product_collection_brand_id_id_9fa917c5; Type: INDEX; Schema: public; Owner: Pavshop
--

CREATE INDEX product_collection_brand_id_id_9fa917c5 ON public.product_collection USING btree (brand_id_id);


--
-- Name: product_collection_slug_ec186116_like; Type: INDEX; Schema: public; Owner: Pavshop
--

CREATE INDEX product_collection_slug_ec186116_like ON public.product_collection USING btree (slug varchar_pattern_ops);


--
-- Name: product_collection_title_77c71f37; Type: INDEX; Schema: public; Owner: Pavshop
--

CREATE INDEX product_collection_title_77c71f37 ON public.product_collection USING btree (title);


--
-- Name: product_collection_title_77c71f37_like; Type: INDEX; Schema: public; Owner: Pavshop
--

CREATE INDEX product_collection_title_77c71f37_like ON public.product_collection USING btree (title varchar_pattern_ops);


--
-- Name: product_collection_user_id_9ce4b4bd; Type: INDEX; Schema: public; Owner: Pavshop
--

CREATE INDEX product_collection_user_id_9ce4b4bd ON public.product_collection USING btree (user_id);


--
-- Name: product_color_slug_501182cd_like; Type: INDEX; Schema: public; Owner: Pavshop
--

CREATE INDEX product_color_slug_501182cd_like ON public.product_color USING btree (slug varchar_pattern_ops);


--
-- Name: product_color_title_98857431_like; Type: INDEX; Schema: public; Owner: Pavshop
--

CREATE INDEX product_color_title_98857431_like ON public.product_color USING btree (title varchar_pattern_ops);


--
-- Name: product_color_user_id_e668d7e2; Type: INDEX; Schema: public; Owner: Pavshop
--

CREATE INDEX product_color_user_id_e668d7e2 ON public.product_color USING btree (user_id);


--
-- Name: product_designer_name_9f76672d_like; Type: INDEX; Schema: public; Owner: Pavshop
--

CREATE INDEX product_designer_name_9f76672d_like ON public.product_designer USING btree (name varchar_pattern_ops);


--
-- Name: product_designer_slug_78be3e39_like; Type: INDEX; Schema: public; Owner: Pavshop
--

CREATE INDEX product_designer_slug_78be3e39_like ON public.product_designer USING btree (slug varchar_pattern_ops);


--
-- Name: product_designer_user_id_f002e49a; Type: INDEX; Schema: public; Owner: Pavshop
--

CREATE INDEX product_designer_user_id_f002e49a ON public.product_designer USING btree (user_id);


--
-- Name: product_discount_code_ee4d649a_like; Type: INDEX; Schema: public; Owner: Pavshop
--

CREATE INDEX product_discount_code_ee4d649a_like ON public.product_discount USING btree (code varchar_pattern_ops);


--
-- Name: product_discount_other_product_id_b6ee2265; Type: INDEX; Schema: public; Owner: Pavshop
--

CREATE INDEX product_discount_other_product_id_b6ee2265 ON public.product_discount USING btree (other_product_id);


--
-- Name: product_discount_title_ca439946_like; Type: INDEX; Schema: public; Owner: Pavshop
--

CREATE INDEX product_discount_title_ca439946_like ON public.product_discount USING btree (title varchar_pattern_ops);


--
-- Name: product_discount_type_id_id_c403e635; Type: INDEX; Schema: public; Owner: Pavshop
--

CREATE INDEX product_discount_type_id_id_c403e635 ON public.product_discount USING btree (type_id_id);


--
-- Name: product_discount_user_id_2b783191; Type: INDEX; Schema: public; Owner: Pavshop
--

CREATE INDEX product_discount_user_id_2b783191 ON public.product_discount USING btree (user_id);


--
-- Name: product_discounttype_title_90b3e2ef_like; Type: INDEX; Schema: public; Owner: Pavshop
--

CREATE INDEX product_discounttype_title_90b3e2ef_like ON public.product_discounttype USING btree (title varchar_pattern_ops);


--
-- Name: product_discounttype_user_id_83b543d3; Type: INDEX; Schema: public; Owner: Pavshop
--

CREATE INDEX product_discounttype_user_id_83b543d3 ON public.product_discounttype USING btree (user_id);


--
-- Name: product_image_user_id_fec8a747; Type: INDEX; Schema: public; Owner: Pavshop
--

CREATE INDEX product_image_user_id_fec8a747 ON public.product_image USING btree (user_id);


--
-- Name: product_image_variant_id_c953df43; Type: INDEX; Schema: public; Owner: Pavshop
--

CREATE INDEX product_image_variant_id_c953df43 ON public.product_image USING btree (variant_id);


--
-- Name: product_product_brand_id_id_93b7ca1d; Type: INDEX; Schema: public; Owner: Pavshop
--

CREATE INDEX product_product_brand_id_id_93b7ca1d ON public.product_product USING btree (brand_id_id);


--
-- Name: product_product_category_id_category_id_6ddf19f8; Type: INDEX; Schema: public; Owner: Pavshop
--

CREATE INDEX product_product_category_id_category_id_6ddf19f8 ON public.product_product_category_id USING btree (category_id);


--
-- Name: product_product_category_id_product_id_a632eb0b; Type: INDEX; Schema: public; Owner: Pavshop
--

CREATE INDEX product_product_category_id_product_id_a632eb0b ON public.product_product_category_id USING btree (product_id);


--
-- Name: product_product_collection_id_id_4c9ae128; Type: INDEX; Schema: public; Owner: Pavshop
--

CREATE INDEX product_product_collection_id_id_4c9ae128 ON public.product_product USING btree (collection_id_id);


--
-- Name: product_product_designer_id_1b4eef55; Type: INDEX; Schema: public; Owner: Pavshop
--

CREATE INDEX product_product_designer_id_1b4eef55 ON public.product_product USING btree (designer_id);


--
-- Name: product_product_parent_from_product_id_f1cc8a60; Type: INDEX; Schema: public; Owner: Pavshop
--

CREATE INDEX product_product_parent_from_product_id_f1cc8a60 ON public.product_product_parent USING btree (from_product_id);


--
-- Name: product_product_parent_to_product_id_693af92f; Type: INDEX; Schema: public; Owner: Pavshop
--

CREATE INDEX product_product_parent_to_product_id_693af92f ON public.product_product_parent USING btree (to_product_id);


--
-- Name: product_product_slug_76cde0ae_like; Type: INDEX; Schema: public; Owner: Pavshop
--

CREATE INDEX product_product_slug_76cde0ae_like ON public.product_product USING btree (slug varchar_pattern_ops);


--
-- Name: product_product_style_id_id_0594034c; Type: INDEX; Schema: public; Owner: Pavshop
--

CREATE INDEX product_product_style_id_id_0594034c ON public.product_product USING btree (style_id_id);


--
-- Name: product_product_tag_product_id_456d9764; Type: INDEX; Schema: public; Owner: Pavshop
--

CREATE INDEX product_product_tag_product_id_456d9764 ON public.product_product_tag USING btree (product_id);


--
-- Name: product_product_tag_tag_id_fe2f1952; Type: INDEX; Schema: public; Owner: Pavshop
--

CREATE INDEX product_product_tag_tag_id_fe2f1952 ON public.product_product_tag USING btree (tag_id);


--
-- Name: product_product_title_0434d32d_like; Type: INDEX; Schema: public; Owner: Pavshop
--

CREATE INDEX product_product_title_0434d32d_like ON public.product_product USING btree (title varchar_pattern_ops);


--
-- Name: product_product_user_id_0d8fb375; Type: INDEX; Schema: public; Owner: Pavshop
--

CREATE INDEX product_product_user_id_0d8fb375 ON public.product_product USING btree (user_id);


--
-- Name: product_productreview_product_id_f3a2ae11; Type: INDEX; Schema: public; Owner: Pavshop
--

CREATE INDEX product_productreview_product_id_f3a2ae11 ON public.product_productreview USING btree (product_id);


--
-- Name: product_productreview_review_id_2d4dac88; Type: INDEX; Schema: public; Owner: Pavshop
--

CREATE INDEX product_productreview_review_id_2d4dac88 ON public.product_productreview USING btree (review_id);


--
-- Name: product_productreview_user_id_994d1d73; Type: INDEX; Schema: public; Owner: Pavshop
--

CREATE INDEX product_productreview_user_id_994d1d73 ON public.product_productreview USING btree (user_id);


--
-- Name: product_store_address_0fcd6457_like; Type: INDEX; Schema: public; Owner: Pavshop
--

CREATE INDEX product_store_address_0fcd6457_like ON public.product_store USING btree (address varchar_pattern_ops);


--
-- Name: product_store_location_14c429dc_like; Type: INDEX; Schema: public; Owner: Pavshop
--

CREATE INDEX product_store_location_14c429dc_like ON public.product_store USING btree (location varchar_pattern_ops);


--
-- Name: product_store_title_4587d5e3_like; Type: INDEX; Schema: public; Owner: Pavshop
--

CREATE INDEX product_store_title_4587d5e3_like ON public.product_store USING btree (title varchar_pattern_ops);


--
-- Name: product_store_user_id_ee7bbf26; Type: INDEX; Schema: public; Owner: Pavshop
--

CREATE INDEX product_store_user_id_ee7bbf26 ON public.product_store USING btree (user_id);


--
-- Name: product_style_slug_09c1cfe5_like; Type: INDEX; Schema: public; Owner: Pavshop
--

CREATE INDEX product_style_slug_09c1cfe5_like ON public.product_style USING btree (slug varchar_pattern_ops);


--
-- Name: product_style_title_3202d46f_like; Type: INDEX; Schema: public; Owner: Pavshop
--

CREATE INDEX product_style_title_3202d46f_like ON public.product_style USING btree (title varchar_pattern_ops);


--
-- Name: product_style_user_id_cfcfb784; Type: INDEX; Schema: public; Owner: Pavshop
--

CREATE INDEX product_style_user_id_cfcfb784 ON public.product_style USING btree (user_id);


--
-- Name: product_tag_title_ba82528f_like; Type: INDEX; Schema: public; Owner: Pavshop
--

CREATE INDEX product_tag_title_ba82528f_like ON public.product_tag USING btree (title varchar_pattern_ops);


--
-- Name: product_tag_user_id_0e281dea; Type: INDEX; Schema: public; Owner: Pavshop
--

CREATE INDEX product_tag_user_id_0e281dea ON public.product_tag USING btree (user_id);


--
-- Name: product_unit_title_e040f37a_like; Type: INDEX; Schema: public; Owner: Pavshop
--

CREATE INDEX product_unit_title_e040f37a_like ON public.product_unit USING btree (title varchar_pattern_ops);


--
-- Name: product_unit_user_id_96660199; Type: INDEX; Schema: public; Owner: Pavshop
--

CREATE INDEX product_unit_user_id_96660199 ON public.product_unit USING btree (user_id);


--
-- Name: product_variant_color_id_b2b029e3; Type: INDEX; Schema: public; Owner: Pavshop
--

CREATE INDEX product_variant_color_id_b2b029e3 ON public.product_variant USING btree (color_id);


--
-- Name: product_variant_discount_id_discount_id_88abb2ad; Type: INDEX; Schema: public; Owner: Pavshop
--

CREATE INDEX product_variant_discount_id_discount_id_88abb2ad ON public.product_variant_discount_id USING btree (discount_id);


--
-- Name: product_variant_discount_id_variant_id_11993917; Type: INDEX; Schema: public; Owner: Pavshop
--

CREATE INDEX product_variant_discount_id_variant_id_11993917 ON public.product_variant_discount_id USING btree (variant_id);


--
-- Name: product_variant_parent_from_variant_id_3129f188; Type: INDEX; Schema: public; Owner: Pavshop
--

CREATE INDEX product_variant_parent_from_variant_id_3129f188 ON public.product_variant_parent USING btree (from_variant_id);


--
-- Name: product_variant_parent_to_variant_id_7c3bafc5; Type: INDEX; Schema: public; Owner: Pavshop
--

CREATE INDEX product_variant_parent_to_variant_id_7c3bafc5 ON public.product_variant_parent USING btree (to_variant_id);


--
-- Name: product_variant_price_8d14dc85; Type: INDEX; Schema: public; Owner: Pavshop
--

CREATE INDEX product_variant_price_8d14dc85 ON public.product_variant USING btree (price);


--
-- Name: product_variant_product_id_id_2213b29e; Type: INDEX; Schema: public; Owner: Pavshop
--

CREATE INDEX product_variant_product_id_id_2213b29e ON public.product_variant USING btree (product_id_id);


--
-- Name: product_variant_slug_b74e2a2f_like; Type: INDEX; Schema: public; Owner: Pavshop
--

CREATE INDEX product_variant_slug_b74e2a2f_like ON public.product_variant USING btree (slug varchar_pattern_ops);


--
-- Name: product_variant_tag_tag_id_ebac3444; Type: INDEX; Schema: public; Owner: Pavshop
--

CREATE INDEX product_variant_tag_tag_id_ebac3444 ON public.product_variant_tag USING btree (tag_id);


--
-- Name: product_variant_tag_variant_id_d148269a; Type: INDEX; Schema: public; Owner: Pavshop
--

CREATE INDEX product_variant_tag_variant_id_d148269a ON public.product_variant_tag USING btree (variant_id);


--
-- Name: product_variant_title_3e7a4267_like; Type: INDEX; Schema: public; Owner: Pavshop
--

CREATE INDEX product_variant_title_3e7a4267_like ON public.product_variant USING btree (title varchar_pattern_ops);


--
-- Name: product_variant_unit_id_d59c9a7d; Type: INDEX; Schema: public; Owner: Pavshop
--

CREATE INDEX product_variant_unit_id_d59c9a7d ON public.product_variant USING btree (unit_id);


--
-- Name: product_variant_user_id_2f966343; Type: INDEX; Schema: public; Owner: Pavshop
--

CREATE INDEX product_variant_user_id_2f966343 ON public.product_variant USING btree (user_id);


--
-- Name: product_varianttostore_store_id_a52d27ce; Type: INDEX; Schema: public; Owner: Pavshop
--

CREATE INDEX product_varianttostore_store_id_a52d27ce ON public.product_varianttostore USING btree (store_id);


--
-- Name: product_varianttostore_variant_id_6a8d2e0c; Type: INDEX; Schema: public; Owner: Pavshop
--

CREATE INDEX product_varianttostore_variant_id_6a8d2e0c ON public.product_varianttostore USING btree (variant_id);


--
-- Name: account_address account_address_user_id_a1553eba_fk_account_user_id; Type: FK CONSTRAINT; Schema: public; Owner: Pavshop
--

ALTER TABLE ONLY public.account_address
    ADD CONSTRAINT account_address_user_id_a1553eba_fk_account_user_id FOREIGN KEY (user_id) REFERENCES public.account_user(id) DEFERRABLE INITIALLY DEFERRED;


--
-- Name: account_order account_order_address_id_03bdd96e_fk_account_address_id; Type: FK CONSTRAINT; Schema: public; Owner: Pavshop
--

ALTER TABLE ONLY public.account_order
    ADD CONSTRAINT account_order_address_id_03bdd96e_fk_account_address_id FOREIGN KEY (address_id) REFERENCES public.account_address(id) DEFERRABLE INITIALLY DEFERRED;


--
-- Name: account_order account_order_status_id_8344ce53_fk_account_status_id; Type: FK CONSTRAINT; Schema: public; Owner: Pavshop
--

ALTER TABLE ONLY public.account_order
    ADD CONSTRAINT account_order_status_id_8344ce53_fk_account_status_id FOREIGN KEY (status_id) REFERENCES public.account_status(id) DEFERRABLE INITIALLY DEFERRED;


--
-- Name: account_order account_order_user_id_030a18b5_fk_account_user_id; Type: FK CONSTRAINT; Schema: public; Owner: Pavshop
--

ALTER TABLE ONLY public.account_order
    ADD CONSTRAINT account_order_user_id_030a18b5_fk_account_user_id FOREIGN KEY (user_id) REFERENCES public.account_user(id) DEFERRABLE INITIALLY DEFERRED;


--
-- Name: account_producttobasket account_producttobas_discount_id_id_7ca8ffab_fk_product_d; Type: FK CONSTRAINT; Schema: public; Owner: Pavshop
--

ALTER TABLE ONLY public.account_producttobasket
    ADD CONSTRAINT account_producttobas_discount_id_id_7ca8ffab_fk_product_d FOREIGN KEY (discount_id_id) REFERENCES public.product_discount(id) DEFERRABLE INITIALLY DEFERRED;


--
-- Name: account_producttobasket account_producttobas_variant_id_4eb208ec_fk_product_v; Type: FK CONSTRAINT; Schema: public; Owner: Pavshop
--

ALTER TABLE ONLY public.account_producttobasket
    ADD CONSTRAINT account_producttobas_variant_id_4eb208ec_fk_product_v FOREIGN KEY (variant_id) REFERENCES public.product_variant(id) DEFERRABLE INITIALLY DEFERRED;


--
-- Name: account_producttobasket account_producttobasket_order_id_8c48ca05_fk_account_order_id; Type: FK CONSTRAINT; Schema: public; Owner: Pavshop
--

ALTER TABLE ONLY public.account_producttobasket
    ADD CONSTRAINT account_producttobasket_order_id_8c48ca05_fk_account_order_id FOREIGN KEY (order_id) REFERENCES public.account_order(id) DEFERRABLE INITIALLY DEFERRED;


--
-- Name: account_producttobasket account_producttobasket_user_id_f289fe5c_fk_account_user_id; Type: FK CONSTRAINT; Schema: public; Owner: Pavshop
--

ALTER TABLE ONLY public.account_producttobasket
    ADD CONSTRAINT account_producttobasket_user_id_f289fe5c_fk_account_user_id FOREIGN KEY (user_id) REFERENCES public.account_user(id) DEFERRABLE INITIALLY DEFERRED;


--
-- Name: account_status account_status_user_id_9b175bb1_fk_account_user_id; Type: FK CONSTRAINT; Schema: public; Owner: Pavshop
--

ALTER TABLE ONLY public.account_status
    ADD CONSTRAINT account_status_user_id_9b175bb1_fk_account_user_id FOREIGN KEY (user_id) REFERENCES public.account_user(id) DEFERRABLE INITIALLY DEFERRED;


--
-- Name: account_user_groups account_user_groups_group_id_6c71f749_fk_auth_group_id; Type: FK CONSTRAINT; Schema: public; Owner: Pavshop
--

ALTER TABLE ONLY public.account_user_groups
    ADD CONSTRAINT account_user_groups_group_id_6c71f749_fk_auth_group_id FOREIGN KEY (group_id) REFERENCES public.auth_group(id) DEFERRABLE INITIALLY DEFERRED;


--
-- Name: account_user_groups account_user_groups_user_id_14345e7b_fk_account_user_id; Type: FK CONSTRAINT; Schema: public; Owner: Pavshop
--

ALTER TABLE ONLY public.account_user_groups
    ADD CONSTRAINT account_user_groups_user_id_14345e7b_fk_account_user_id FOREIGN KEY (user_id) REFERENCES public.account_user(id) DEFERRABLE INITIALLY DEFERRED;


--
-- Name: account_user_user_permissions account_user_user_pe_permission_id_66c44191_fk_auth_perm; Type: FK CONSTRAINT; Schema: public; Owner: Pavshop
--

ALTER TABLE ONLY public.account_user_user_permissions
    ADD CONSTRAINT account_user_user_pe_permission_id_66c44191_fk_auth_perm FOREIGN KEY (permission_id) REFERENCES public.auth_permission(id) DEFERRABLE INITIALLY DEFERRED;


--
-- Name: account_user_user_permissions account_user_user_pe_user_id_cc42d270_fk_account_u; Type: FK CONSTRAINT; Schema: public; Owner: Pavshop
--

ALTER TABLE ONLY public.account_user_user_permissions
    ADD CONSTRAINT account_user_user_pe_user_id_cc42d270_fk_account_u FOREIGN KEY (user_id) REFERENCES public.account_user(id) DEFERRABLE INITIALLY DEFERRED;


--
-- Name: account_wishlist account_wishlist_user_id_764406d0_fk_account_user_id; Type: FK CONSTRAINT; Schema: public; Owner: Pavshop
--

ALTER TABLE ONLY public.account_wishlist
    ADD CONSTRAINT account_wishlist_user_id_764406d0_fk_account_user_id FOREIGN KEY (user_id) REFERENCES public.account_user(id) DEFERRABLE INITIALLY DEFERRED;


--
-- Name: account_wishlist account_wishlist_variant_id_e1dfcd6a_fk_product_variant_id; Type: FK CONSTRAINT; Schema: public; Owner: Pavshop
--

ALTER TABLE ONLY public.account_wishlist
    ADD CONSTRAINT account_wishlist_variant_id_e1dfcd6a_fk_product_variant_id FOREIGN KEY (variant_id) REFERENCES public.product_variant(id) DEFERRABLE INITIALLY DEFERRED;


--
-- Name: auth_group_permissions auth_group_permissio_permission_id_84c5c92e_fk_auth_perm; Type: FK CONSTRAINT; Schema: public; Owner: Pavshop
--

ALTER TABLE ONLY public.auth_group_permissions
    ADD CONSTRAINT auth_group_permissio_permission_id_84c5c92e_fk_auth_perm FOREIGN KEY (permission_id) REFERENCES public.auth_permission(id) DEFERRABLE INITIALLY DEFERRED;


--
-- Name: auth_group_permissions auth_group_permissions_group_id_b120cbf9_fk_auth_group_id; Type: FK CONSTRAINT; Schema: public; Owner: Pavshop
--

ALTER TABLE ONLY public.auth_group_permissions
    ADD CONSTRAINT auth_group_permissions_group_id_b120cbf9_fk_auth_group_id FOREIGN KEY (group_id) REFERENCES public.auth_group(id) DEFERRABLE INITIALLY DEFERRED;


--
-- Name: auth_permission auth_permission_content_type_id_2f476e4b_fk_django_co; Type: FK CONSTRAINT; Schema: public; Owner: Pavshop
--

ALTER TABLE ONLY public.auth_permission
    ADD CONSTRAINT auth_permission_content_type_id_2f476e4b_fk_django_co FOREIGN KEY (content_type_id) REFERENCES public.django_content_type(id) DEFERRABLE INITIALLY DEFERRED;


--
-- Name: blog_post blog_post_author_id_dd7a8485_fk_account_user_id; Type: FK CONSTRAINT; Schema: public; Owner: Pavshop
--

ALTER TABLE ONLY public.blog_post
    ADD CONSTRAINT blog_post_author_id_dd7a8485_fk_account_user_id FOREIGN KEY (author_id) REFERENCES public.account_user(id) DEFERRABLE INITIALLY DEFERRED;


--
-- Name: blog_post_category blog_post_category_category_id_e1f613f9_fk_product_category_id; Type: FK CONSTRAINT; Schema: public; Owner: Pavshop
--

ALTER TABLE ONLY public.blog_post_category
    ADD CONSTRAINT blog_post_category_category_id_e1f613f9_fk_product_category_id FOREIGN KEY (category_id) REFERENCES public.product_category(id) DEFERRABLE INITIALLY DEFERRED;


--
-- Name: blog_post_category blog_post_category_post_id_d7c84b08_fk_blog_post_id; Type: FK CONSTRAINT; Schema: public; Owner: Pavshop
--

ALTER TABLE ONLY public.blog_post_category
    ADD CONSTRAINT blog_post_category_post_id_d7c84b08_fk_blog_post_id FOREIGN KEY (post_id) REFERENCES public.blog_post(id) DEFERRABLE INITIALLY DEFERRED;


--
-- Name: blog_post_image blog_post_image_image_id_f22c586d_fk_product_image_id; Type: FK CONSTRAINT; Schema: public; Owner: Pavshop
--

ALTER TABLE ONLY public.blog_post_image
    ADD CONSTRAINT blog_post_image_image_id_f22c586d_fk_product_image_id FOREIGN KEY (image_id) REFERENCES public.product_image(id) DEFERRABLE INITIALLY DEFERRED;


--
-- Name: blog_post_image blog_post_image_post_id_f886c1f9_fk_blog_post_id; Type: FK CONSTRAINT; Schema: public; Owner: Pavshop
--

ALTER TABLE ONLY public.blog_post_image
    ADD CONSTRAINT blog_post_image_post_id_f886c1f9_fk_blog_post_id FOREIGN KEY (post_id) REFERENCES public.blog_post(id) DEFERRABLE INITIALLY DEFERRED;


--
-- Name: blog_post_product blog_post_product_post_id_bcb9a0a2_fk_blog_post_id; Type: FK CONSTRAINT; Schema: public; Owner: Pavshop
--

ALTER TABLE ONLY public.blog_post_product
    ADD CONSTRAINT blog_post_product_post_id_bcb9a0a2_fk_blog_post_id FOREIGN KEY (post_id) REFERENCES public.blog_post(id) DEFERRABLE INITIALLY DEFERRED;


--
-- Name: blog_post_product blog_post_product_product_id_81f0bbea_fk_product_product_id; Type: FK CONSTRAINT; Schema: public; Owner: Pavshop
--

ALTER TABLE ONLY public.blog_post_product
    ADD CONSTRAINT blog_post_product_product_id_81f0bbea_fk_product_product_id FOREIGN KEY (product_id) REFERENCES public.product_product(id) DEFERRABLE INITIALLY DEFERRED;


--
-- Name: blog_post_tag blog_post_tag_post_id_a5c00319_fk_blog_post_id; Type: FK CONSTRAINT; Schema: public; Owner: Pavshop
--

ALTER TABLE ONLY public.blog_post_tag
    ADD CONSTRAINT blog_post_tag_post_id_a5c00319_fk_blog_post_id FOREIGN KEY (post_id) REFERENCES public.blog_post(id) DEFERRABLE INITIALLY DEFERRED;


--
-- Name: blog_post_tag blog_post_tag_tag_id_2bbd31e4_fk_product_tag_id; Type: FK CONSTRAINT; Schema: public; Owner: Pavshop
--

ALTER TABLE ONLY public.blog_post_tag
    ADD CONSTRAINT blog_post_tag_tag_id_2bbd31e4_fk_product_tag_id FOREIGN KEY (tag_id) REFERENCES public.product_tag(id) DEFERRABLE INITIALLY DEFERRED;


--
-- Name: blog_postreview blog_postreview_post_id_55b717f8_fk_blog_post_id; Type: FK CONSTRAINT; Schema: public; Owner: Pavshop
--

ALTER TABLE ONLY public.blog_postreview
    ADD CONSTRAINT blog_postreview_post_id_55b717f8_fk_blog_post_id FOREIGN KEY (post_id) REFERENCES public.blog_post(id) DEFERRABLE INITIALLY DEFERRED;


--
-- Name: blog_postreview blog_postreview_review_id_9e2ce36b_fk_blog_postreview_id; Type: FK CONSTRAINT; Schema: public; Owner: Pavshop
--

ALTER TABLE ONLY public.blog_postreview
    ADD CONSTRAINT blog_postreview_review_id_9e2ce36b_fk_blog_postreview_id FOREIGN KEY (review_id) REFERENCES public.blog_postreview(id) DEFERRABLE INITIALLY DEFERRED;


--
-- Name: blog_postreview blog_postreview_user_id_09d3d5d4_fk_account_user_id; Type: FK CONSTRAINT; Schema: public; Owner: Pavshop
--

ALTER TABLE ONLY public.blog_postreview
    ADD CONSTRAINT blog_postreview_user_id_09d3d5d4_fk_account_user_id FOREIGN KEY (user_id) REFERENCES public.account_user(id) DEFERRABLE INITIALLY DEFERRED;


--
-- Name: core_contact core_contact_user_id_2570c512_fk_account_user_id; Type: FK CONSTRAINT; Schema: public; Owner: Pavshop
--

ALTER TABLE ONLY public.core_contact
    ADD CONSTRAINT core_contact_user_id_2570c512_fk_account_user_id FOREIGN KEY (user_id) REFERENCES public.account_user(id) DEFERRABLE INITIALLY DEFERRED;


--
-- Name: core_homeslider core_homeslider_user_id_fc4a0333_fk_account_user_id; Type: FK CONSTRAINT; Schema: public; Owner: Pavshop
--

ALTER TABLE ONLY public.core_homeslider
    ADD CONSTRAINT core_homeslider_user_id_fc4a0333_fk_account_user_id FOREIGN KEY (user_id) REFERENCES public.account_user(id) DEFERRABLE INITIALLY DEFERRED;


--
-- Name: core_homeslider core_homeslider_variant_id_ba37f483_fk_product_variant_id; Type: FK CONSTRAINT; Schema: public; Owner: Pavshop
--

ALTER TABLE ONLY public.core_homeslider
    ADD CONSTRAINT core_homeslider_variant_id_ba37f483_fk_product_variant_id FOREIGN KEY (variant_id) REFERENCES public.product_variant(id) DEFERRABLE INITIALLY DEFERRED;


--
-- Name: django_admin_log django_admin_log_content_type_id_c4bce8eb_fk_django_co; Type: FK CONSTRAINT; Schema: public; Owner: Pavshop
--

ALTER TABLE ONLY public.django_admin_log
    ADD CONSTRAINT django_admin_log_content_type_id_c4bce8eb_fk_django_co FOREIGN KEY (content_type_id) REFERENCES public.django_content_type(id) DEFERRABLE INITIALLY DEFERRED;


--
-- Name: django_admin_log django_admin_log_user_id_c564eba6_fk_account_user_id; Type: FK CONSTRAINT; Schema: public; Owner: Pavshop
--

ALTER TABLE ONLY public.django_admin_log
    ADD CONSTRAINT django_admin_log_user_id_c564eba6_fk_account_user_id FOREIGN KEY (user_id) REFERENCES public.account_user(id) DEFERRABLE INITIALLY DEFERRED;


--
-- Name: product_brand product_brand_user_id_7be1212b_fk_account_user_id; Type: FK CONSTRAINT; Schema: public; Owner: Pavshop
--

ALTER TABLE ONLY public.product_brand
    ADD CONSTRAINT product_brand_user_id_7be1212b_fk_account_user_id FOREIGN KEY (user_id) REFERENCES public.account_user(id) DEFERRABLE INITIALLY DEFERRED;


--
-- Name: product_category product_category_parent_id_f6860923_fk_product_category_id; Type: FK CONSTRAINT; Schema: public; Owner: Pavshop
--

ALTER TABLE ONLY public.product_category
    ADD CONSTRAINT product_category_parent_id_f6860923_fk_product_category_id FOREIGN KEY (parent_id) REFERENCES public.product_category(id) DEFERRABLE INITIALLY DEFERRED;


--
-- Name: product_category product_category_user_id_6d9b2d35_fk_account_user_id; Type: FK CONSTRAINT; Schema: public; Owner: Pavshop
--

ALTER TABLE ONLY public.product_category
    ADD CONSTRAINT product_category_user_id_6d9b2d35_fk_account_user_id FOREIGN KEY (user_id) REFERENCES public.account_user(id) DEFERRABLE INITIALLY DEFERRED;


--
-- Name: product_collection product_collection_brand_id_id_9fa917c5_fk_product_brand_id; Type: FK CONSTRAINT; Schema: public; Owner: Pavshop
--

ALTER TABLE ONLY public.product_collection
    ADD CONSTRAINT product_collection_brand_id_id_9fa917c5_fk_product_brand_id FOREIGN KEY (brand_id_id) REFERENCES public.product_brand(id) DEFERRABLE INITIALLY DEFERRED;


--
-- Name: product_collection product_collection_user_id_9ce4b4bd_fk_account_user_id; Type: FK CONSTRAINT; Schema: public; Owner: Pavshop
--

ALTER TABLE ONLY public.product_collection
    ADD CONSTRAINT product_collection_user_id_9ce4b4bd_fk_account_user_id FOREIGN KEY (user_id) REFERENCES public.account_user(id) DEFERRABLE INITIALLY DEFERRED;


--
-- Name: product_color product_color_user_id_e668d7e2_fk_account_user_id; Type: FK CONSTRAINT; Schema: public; Owner: Pavshop
--

ALTER TABLE ONLY public.product_color
    ADD CONSTRAINT product_color_user_id_e668d7e2_fk_account_user_id FOREIGN KEY (user_id) REFERENCES public.account_user(id) DEFERRABLE INITIALLY DEFERRED;


--
-- Name: product_designer product_designer_user_id_f002e49a_fk_account_user_id; Type: FK CONSTRAINT; Schema: public; Owner: Pavshop
--

ALTER TABLE ONLY public.product_designer
    ADD CONSTRAINT product_designer_user_id_f002e49a_fk_account_user_id FOREIGN KEY (user_id) REFERENCES public.account_user(id) DEFERRABLE INITIALLY DEFERRED;


--
-- Name: product_discount product_discount_other_product_id_b6ee2265_fk_product_p; Type: FK CONSTRAINT; Schema: public; Owner: Pavshop
--

ALTER TABLE ONLY public.product_discount
    ADD CONSTRAINT product_discount_other_product_id_b6ee2265_fk_product_p FOREIGN KEY (other_product_id) REFERENCES public.product_product(id) DEFERRABLE INITIALLY DEFERRED;


--
-- Name: product_discount product_discount_type_id_id_c403e635_fk_product_discounttype_id; Type: FK CONSTRAINT; Schema: public; Owner: Pavshop
--

ALTER TABLE ONLY public.product_discount
    ADD CONSTRAINT product_discount_type_id_id_c403e635_fk_product_discounttype_id FOREIGN KEY (type_id_id) REFERENCES public.product_discounttype(id) DEFERRABLE INITIALLY DEFERRED;


--
-- Name: product_discount product_discount_user_id_2b783191_fk_account_user_id; Type: FK CONSTRAINT; Schema: public; Owner: Pavshop
--

ALTER TABLE ONLY public.product_discount
    ADD CONSTRAINT product_discount_user_id_2b783191_fk_account_user_id FOREIGN KEY (user_id) REFERENCES public.account_user(id) DEFERRABLE INITIALLY DEFERRED;


--
-- Name: product_discounttype product_discounttype_user_id_83b543d3_fk_account_user_id; Type: FK CONSTRAINT; Schema: public; Owner: Pavshop
--

ALTER TABLE ONLY public.product_discounttype
    ADD CONSTRAINT product_discounttype_user_id_83b543d3_fk_account_user_id FOREIGN KEY (user_id) REFERENCES public.account_user(id) DEFERRABLE INITIALLY DEFERRED;


--
-- Name: product_image product_image_user_id_fec8a747_fk_account_user_id; Type: FK CONSTRAINT; Schema: public; Owner: Pavshop
--

ALTER TABLE ONLY public.product_image
    ADD CONSTRAINT product_image_user_id_fec8a747_fk_account_user_id FOREIGN KEY (user_id) REFERENCES public.account_user(id) DEFERRABLE INITIALLY DEFERRED;


--
-- Name: product_image product_image_variant_id_c953df43_fk_product_variant_id; Type: FK CONSTRAINT; Schema: public; Owner: Pavshop
--

ALTER TABLE ONLY public.product_image
    ADD CONSTRAINT product_image_variant_id_c953df43_fk_product_variant_id FOREIGN KEY (variant_id) REFERENCES public.product_variant(id) DEFERRABLE INITIALLY DEFERRED;


--
-- Name: product_product product_product_brand_id_id_93b7ca1d_fk_product_brand_id; Type: FK CONSTRAINT; Schema: public; Owner: Pavshop
--

ALTER TABLE ONLY public.product_product
    ADD CONSTRAINT product_product_brand_id_id_93b7ca1d_fk_product_brand_id FOREIGN KEY (brand_id_id) REFERENCES public.product_brand(id) DEFERRABLE INITIALLY DEFERRED;


--
-- Name: product_product_category_id product_product_cate_category_id_6ddf19f8_fk_product_c; Type: FK CONSTRAINT; Schema: public; Owner: Pavshop
--

ALTER TABLE ONLY public.product_product_category_id
    ADD CONSTRAINT product_product_cate_category_id_6ddf19f8_fk_product_c FOREIGN KEY (category_id) REFERENCES public.product_category(id) DEFERRABLE INITIALLY DEFERRED;


--
-- Name: product_product_category_id product_product_cate_product_id_a632eb0b_fk_product_p; Type: FK CONSTRAINT; Schema: public; Owner: Pavshop
--

ALTER TABLE ONLY public.product_product_category_id
    ADD CONSTRAINT product_product_cate_product_id_a632eb0b_fk_product_p FOREIGN KEY (product_id) REFERENCES public.product_product(id) DEFERRABLE INITIALLY DEFERRED;


--
-- Name: product_product product_product_collection_id_id_4c9ae128_fk_product_c; Type: FK CONSTRAINT; Schema: public; Owner: Pavshop
--

ALTER TABLE ONLY public.product_product
    ADD CONSTRAINT product_product_collection_id_id_4c9ae128_fk_product_c FOREIGN KEY (collection_id_id) REFERENCES public.product_collection(id) DEFERRABLE INITIALLY DEFERRED;


--
-- Name: product_product product_product_designer_id_1b4eef55_fk_product_designer_id; Type: FK CONSTRAINT; Schema: public; Owner: Pavshop
--

ALTER TABLE ONLY public.product_product
    ADD CONSTRAINT product_product_designer_id_1b4eef55_fk_product_designer_id FOREIGN KEY (designer_id) REFERENCES public.product_designer(id) DEFERRABLE INITIALLY DEFERRED;


--
-- Name: product_product_parent product_product_pare_from_product_id_f1cc8a60_fk_product_p; Type: FK CONSTRAINT; Schema: public; Owner: Pavshop
--

ALTER TABLE ONLY public.product_product_parent
    ADD CONSTRAINT product_product_pare_from_product_id_f1cc8a60_fk_product_p FOREIGN KEY (from_product_id) REFERENCES public.product_product(id) DEFERRABLE INITIALLY DEFERRED;


--
-- Name: product_product_parent product_product_pare_to_product_id_693af92f_fk_product_p; Type: FK CONSTRAINT; Schema: public; Owner: Pavshop
--

ALTER TABLE ONLY public.product_product_parent
    ADD CONSTRAINT product_product_pare_to_product_id_693af92f_fk_product_p FOREIGN KEY (to_product_id) REFERENCES public.product_product(id) DEFERRABLE INITIALLY DEFERRED;


--
-- Name: product_product product_product_style_id_id_0594034c_fk_product_style_id; Type: FK CONSTRAINT; Schema: public; Owner: Pavshop
--

ALTER TABLE ONLY public.product_product
    ADD CONSTRAINT product_product_style_id_id_0594034c_fk_product_style_id FOREIGN KEY (style_id_id) REFERENCES public.product_style(id) DEFERRABLE INITIALLY DEFERRED;


--
-- Name: product_product_tag product_product_tag_product_id_456d9764_fk_product_product_id; Type: FK CONSTRAINT; Schema: public; Owner: Pavshop
--

ALTER TABLE ONLY public.product_product_tag
    ADD CONSTRAINT product_product_tag_product_id_456d9764_fk_product_product_id FOREIGN KEY (product_id) REFERENCES public.product_product(id) DEFERRABLE INITIALLY DEFERRED;


--
-- Name: product_product_tag product_product_tag_tag_id_fe2f1952_fk_product_tag_id; Type: FK CONSTRAINT; Schema: public; Owner: Pavshop
--

ALTER TABLE ONLY public.product_product_tag
    ADD CONSTRAINT product_product_tag_tag_id_fe2f1952_fk_product_tag_id FOREIGN KEY (tag_id) REFERENCES public.product_tag(id) DEFERRABLE INITIALLY DEFERRED;


--
-- Name: product_product product_product_user_id_0d8fb375_fk_account_user_id; Type: FK CONSTRAINT; Schema: public; Owner: Pavshop
--

ALTER TABLE ONLY public.product_product
    ADD CONSTRAINT product_product_user_id_0d8fb375_fk_account_user_id FOREIGN KEY (user_id) REFERENCES public.account_user(id) DEFERRABLE INITIALLY DEFERRED;


--
-- Name: product_productreview product_productrevie_review_id_2d4dac88_fk_product_p; Type: FK CONSTRAINT; Schema: public; Owner: Pavshop
--

ALTER TABLE ONLY public.product_productreview
    ADD CONSTRAINT product_productrevie_review_id_2d4dac88_fk_product_p FOREIGN KEY (review_id) REFERENCES public.product_productreview(id) DEFERRABLE INITIALLY DEFERRED;


--
-- Name: product_productreview product_productreview_product_id_f3a2ae11_fk_product_product_id; Type: FK CONSTRAINT; Schema: public; Owner: Pavshop
--

ALTER TABLE ONLY public.product_productreview
    ADD CONSTRAINT product_productreview_product_id_f3a2ae11_fk_product_product_id FOREIGN KEY (product_id) REFERENCES public.product_product(id) DEFERRABLE INITIALLY DEFERRED;


--
-- Name: product_productreview product_productreview_user_id_994d1d73_fk_account_user_id; Type: FK CONSTRAINT; Schema: public; Owner: Pavshop
--

ALTER TABLE ONLY public.product_productreview
    ADD CONSTRAINT product_productreview_user_id_994d1d73_fk_account_user_id FOREIGN KEY (user_id) REFERENCES public.account_user(id) DEFERRABLE INITIALLY DEFERRED;


--
-- Name: product_store product_store_user_id_ee7bbf26_fk_account_user_id; Type: FK CONSTRAINT; Schema: public; Owner: Pavshop
--

ALTER TABLE ONLY public.product_store
    ADD CONSTRAINT product_store_user_id_ee7bbf26_fk_account_user_id FOREIGN KEY (user_id) REFERENCES public.account_user(id) DEFERRABLE INITIALLY DEFERRED;


--
-- Name: product_style product_style_user_id_cfcfb784_fk_account_user_id; Type: FK CONSTRAINT; Schema: public; Owner: Pavshop
--

ALTER TABLE ONLY public.product_style
    ADD CONSTRAINT product_style_user_id_cfcfb784_fk_account_user_id FOREIGN KEY (user_id) REFERENCES public.account_user(id) DEFERRABLE INITIALLY DEFERRED;


--
-- Name: product_tag product_tag_user_id_0e281dea_fk_account_user_id; Type: FK CONSTRAINT; Schema: public; Owner: Pavshop
--

ALTER TABLE ONLY public.product_tag
    ADD CONSTRAINT product_tag_user_id_0e281dea_fk_account_user_id FOREIGN KEY (user_id) REFERENCES public.account_user(id) DEFERRABLE INITIALLY DEFERRED;


--
-- Name: product_unit product_unit_user_id_96660199_fk_account_user_id; Type: FK CONSTRAINT; Schema: public; Owner: Pavshop
--

ALTER TABLE ONLY public.product_unit
    ADD CONSTRAINT product_unit_user_id_96660199_fk_account_user_id FOREIGN KEY (user_id) REFERENCES public.account_user(id) DEFERRABLE INITIALLY DEFERRED;


--
-- Name: product_variant product_variant_color_id_b2b029e3_fk_product_color_id; Type: FK CONSTRAINT; Schema: public; Owner: Pavshop
--

ALTER TABLE ONLY public.product_variant
    ADD CONSTRAINT product_variant_color_id_b2b029e3_fk_product_color_id FOREIGN KEY (color_id) REFERENCES public.product_color(id) DEFERRABLE INITIALLY DEFERRED;


--
-- Name: product_variant_discount_id product_variant_disc_discount_id_88abb2ad_fk_product_d; Type: FK CONSTRAINT; Schema: public; Owner: Pavshop
--

ALTER TABLE ONLY public.product_variant_discount_id
    ADD CONSTRAINT product_variant_disc_discount_id_88abb2ad_fk_product_d FOREIGN KEY (discount_id) REFERENCES public.product_discount(id) DEFERRABLE INITIALLY DEFERRED;


--
-- Name: product_variant_discount_id product_variant_disc_variant_id_11993917_fk_product_v; Type: FK CONSTRAINT; Schema: public; Owner: Pavshop
--

ALTER TABLE ONLY public.product_variant_discount_id
    ADD CONSTRAINT product_variant_disc_variant_id_11993917_fk_product_v FOREIGN KEY (variant_id) REFERENCES public.product_variant(id) DEFERRABLE INITIALLY DEFERRED;


--
-- Name: product_variant_parent product_variant_pare_from_variant_id_3129f188_fk_product_v; Type: FK CONSTRAINT; Schema: public; Owner: Pavshop
--

ALTER TABLE ONLY public.product_variant_parent
    ADD CONSTRAINT product_variant_pare_from_variant_id_3129f188_fk_product_v FOREIGN KEY (from_variant_id) REFERENCES public.product_variant(id) DEFERRABLE INITIALLY DEFERRED;


--
-- Name: product_variant_parent product_variant_pare_to_variant_id_7c3bafc5_fk_product_v; Type: FK CONSTRAINT; Schema: public; Owner: Pavshop
--

ALTER TABLE ONLY public.product_variant_parent
    ADD CONSTRAINT product_variant_pare_to_variant_id_7c3bafc5_fk_product_v FOREIGN KEY (to_variant_id) REFERENCES public.product_variant(id) DEFERRABLE INITIALLY DEFERRED;


--
-- Name: product_variant product_variant_product_id_id_2213b29e_fk_product_product_id; Type: FK CONSTRAINT; Schema: public; Owner: Pavshop
--

ALTER TABLE ONLY public.product_variant
    ADD CONSTRAINT product_variant_product_id_id_2213b29e_fk_product_product_id FOREIGN KEY (product_id_id) REFERENCES public.product_product(id) DEFERRABLE INITIALLY DEFERRED;


--
-- Name: product_variant_tag product_variant_tag_tag_id_ebac3444_fk_product_tag_id; Type: FK CONSTRAINT; Schema: public; Owner: Pavshop
--

ALTER TABLE ONLY public.product_variant_tag
    ADD CONSTRAINT product_variant_tag_tag_id_ebac3444_fk_product_tag_id FOREIGN KEY (tag_id) REFERENCES public.product_tag(id) DEFERRABLE INITIALLY DEFERRED;


--
-- Name: product_variant_tag product_variant_tag_variant_id_d148269a_fk_product_variant_id; Type: FK CONSTRAINT; Schema: public; Owner: Pavshop
--

ALTER TABLE ONLY public.product_variant_tag
    ADD CONSTRAINT product_variant_tag_variant_id_d148269a_fk_product_variant_id FOREIGN KEY (variant_id) REFERENCES public.product_variant(id) DEFERRABLE INITIALLY DEFERRED;


--
-- Name: product_variant product_variant_unit_id_d59c9a7d_fk_product_unit_id; Type: FK CONSTRAINT; Schema: public; Owner: Pavshop
--

ALTER TABLE ONLY public.product_variant
    ADD CONSTRAINT product_variant_unit_id_d59c9a7d_fk_product_unit_id FOREIGN KEY (unit_id) REFERENCES public.product_unit(id) DEFERRABLE INITIALLY DEFERRED;


--
-- Name: product_variant product_variant_user_id_2f966343_fk_account_user_id; Type: FK CONSTRAINT; Schema: public; Owner: Pavshop
--

ALTER TABLE ONLY public.product_variant
    ADD CONSTRAINT product_variant_user_id_2f966343_fk_account_user_id FOREIGN KEY (user_id) REFERENCES public.account_user(id) DEFERRABLE INITIALLY DEFERRED;


--
-- Name: product_varianttostore product_varianttosto_variant_id_6a8d2e0c_fk_product_v; Type: FK CONSTRAINT; Schema: public; Owner: Pavshop
--

ALTER TABLE ONLY public.product_varianttostore
    ADD CONSTRAINT product_varianttosto_variant_id_6a8d2e0c_fk_product_v FOREIGN KEY (variant_id) REFERENCES public.product_variant(id) DEFERRABLE INITIALLY DEFERRED;


--
-- Name: product_varianttostore product_varianttostore_store_id_a52d27ce_fk_product_store_id; Type: FK CONSTRAINT; Schema: public; Owner: Pavshop
--

ALTER TABLE ONLY public.product_varianttostore
    ADD CONSTRAINT product_varianttostore_store_id_a52d27ce_fk_product_store_id FOREIGN KEY (store_id) REFERENCES public.product_store(id) DEFERRABLE INITIALLY DEFERRED;


--
-- PostgreSQL database dump complete
--

